Vehicle ID,GPS Latitude,GPS Longitude,Speed (km/h),Timestamp,Route ID,Data Type,Item ID,Quantity Available,Warehouse Location,Location,Weather Condition,Traffic Condition,Driver ID,Harsh Braking Events,Acceleration Events,Driving Time (min),Fuel Used (L),Fuel Efficiency (km/L),Maintenance Type,Severity Level,ETA,Distance (km),Traffic Delay (min),Weather Impact,Customer ID,Feedback Score,Issue Reported
V001,13.0401,77.6636,56.0,2025-01-22 12:19:38.101690,R4,Vehicle Data,,,,,,,,,,,,,,,,,,,,,
V004,12.9386,77.6694,53.0,2025-01-22 12:01:38.101690,R4,Vehicle Data,,,,,,,,,,,,,,,,,,,,,
V002,13.0976,77.6572,33.0,2025-01-22 11:52:38.101690,R5,Vehicle Data,,,,,,,,,,,,,,,,,,,,,
V001,12.9492,77.5119,41.0,2025-01-22 12:27:38.101690,R1,Vehicle Data,,,,,,,,,,,,,,,,,,,,,
V001,12.9558,77.5204,40.0,2025-01-22 12:09:38.101690,R4,Vehicle Data,,,,,,,,,,,,,,,,,,,,,
V003,12.9615,77.6021,34.0,2025-01-22 11:52:38.101690,R2,Vehicle Data,,,,,,,,,,,,,,,,,,,,,
V001,12.9977,77.5001,60.0,2025-01-22 12:27:38.101690,R1,Vehicle Data,,,,,,,,,,,,,,,,,,,,,
V002,12.971,77.6781,30.0,2025-01-22 12:48:38.101690,R3,Vehicle Data,,,,,,,,,,,,,,,,,,,,,
V004,13.0424,77.6251,31.0,2025-01-22 11:55:38.101690,R4,Vehicle Data,,,,,,,,,,,,,,,,,,,,,
V002,13.0377,77.5407,30.0,2025-01-22 12:13:38.101690,R3,Vehicle Data,,,,,,,,,,,,,,,,,,,,,
V002,13.0878,77.6835,47.0,2025-01-22 12:48:38.101690,R2,Vehicle Data,,,,,,,,,,,,,,,,,,,,,
V001,12.9636,77.6294,39.0,2025-01-22 11:56:38.101690,R4,Vehicle Data,,,,,,,,,,,,,,,,,,,,,
V004,13.0685,77.639,54.0,2025-01-22 12:31:38.101690,R3,Vehicle Data,,,,,,,,,,,,,,,,,,,,,
V001,12.949,77.6675,32.0,2025-01-22 12:05:38.101690,R5,Vehicle Data,,,,,,,,,,,,,,,,,,,,,
V002,12.9741,77.6327,56.0,2025-01-22 12:43:38.101690,R1,Vehicle Data,,,,,,,,,,,,,,,,,,,,,
V004,13.0125,77.686,59.0,2025-01-22 12:48:38.101690,R1,Vehicle Data,,,,,,,,,,,,,,,,,,,,,
V001,13.0243,77.5582,53.0,2025-01-22 12:39:38.101690,R3,Vehicle Data,,,,,,,,,,,,,,,,,,,,,
V005,12.9233,77.5802,51.0,2025-01-22 12:36:38.101690,R4,Vehicle Data,,,,,,,,,,,,,,,,,,,,,
V002,13.0642,77.6046,45.0,2025-01-22 12:25:38.101690,R1,Vehicle Data,,,,,,,,,,,,,,,,,,,,,
V005,12.9034,77.6707,60.0,2025-01-22 11:57:38.101690,R1,Vehicle Data,,,,,,,,,,,,,,,,,,,,,
V004,13.0971,77.566,42.0,2025-01-22 12:38:38.101690,R1,Vehicle Data,,,,,,,,,,,,,,,,,,,,,
V002,12.9693,77.5784,55.0,2025-01-22 12:34:38.101690,R3,Vehicle Data,,,,,,,,,,,,,,,,,,,,,
V003,12.9141,77.6683,37.0,2025-01-22 12:19:38.101690,R5,Vehicle Data,,,,,,,,,,,,,,,,,,,,,
V005,13.0143,77.6299,42.0,2025-01-22 12:34:38.101690,R1,Vehicle Data,,,,,,,,,,,,,,,,,,,,,
V005,13.0667,77.6095,37.0,2025-01-22 12:49:38.101690,R2,Vehicle Data,,,,,,,,,,,,,,,,,,,,,
V003,12.9457,77.5826,46.0,2025-01-22 12:11:38.101690,R4,Vehicle Data,,,,,,,,,,,,,,,,,,,,,
V004,13.0757,77.6511,57.0,2025-01-22 12:32:38.102694,R3,Vehicle Data,,,,,,,,,,,,,,,,,,,,,
V003,12.9223,77.665,56.0,2025-01-22 11:50:38.102694,R3,Vehicle Data,,,,,,,,,,,,,,,,,,,,,
V002,12.9836,77.5237,31.0,2025-01-22 12:33:38.102694,R3,Vehicle Data,,,,,,,,,,,,,,,,,,,,,
V001,13.0962,77.6644,33.0,2025-01-22 12:14:38.102694,R1,Vehicle Data,,,,,,,,,,,,,,,,,,,,,
V002,12.9878,77.5569,33.0,2025-01-22 12:06:38.102694,R3,Vehicle Data,,,,,,,,,,,,,,,,,,,,,
V003,13.0738,77.5224,40.0,2025-01-22 11:55:38.102694,R4,Vehicle Data,,,,,,,,,,,,,,,,,,,,,
V002,12.9627,77.667,41.0,2025-01-22 12:26:38.102694,R5,Vehicle Data,,,,,,,,,,,,,,,,,,,,,
V004,13.0494,77.6723,46.0,2025-01-22 11:51:38.102694,R4,Vehicle Data,,,,,,,,,,,,,,,,,,,,,
V003,13.0993,77.6149,59.0,2025-01-22 12:25:38.102694,R1,Vehicle Data,,,,,,,,,,,,,,,,,,,,,
V003,12.9549,77.5962,57.0,2025-01-22 12:23:38.102694,R2,Vehicle Data,,,,,,,,,,,,,,,,,,,,,
V003,13.003,77.5164,50.0,2025-01-22 12:25:38.102694,R2,Vehicle Data,,,,,,,,,,,,,,,,,,,,,
V003,12.9202,77.6857,51.0,2025-01-22 12:45:38.102694,R1,Vehicle Data,,,,,,,,,,,,,,,,,,,,,
V003,12.998,77.5252,41.0,2025-01-22 12:45:38.102694,R1,Vehicle Data,,,,,,,,,,,,,,,,,,,,,
V003,12.9497,77.5549,48.0,2025-01-22 12:00:38.102694,R3,Vehicle Data,,,,,,,,,,,,,,,,,,,,,
V005,12.9024,77.5227,48.0,2025-01-22 12:16:38.102694,R1,Vehicle Data,,,,,,,,,,,,,,,,,,,,,
V005,12.9761,77.6608,33.0,2025-01-22 11:58:38.102694,R5,Vehicle Data,,,,,,,,,,,,,,,,,,,,,
V005,12.961,77.6516,44.0,2025-01-22 12:50:38.102694,R2,Vehicle Data,,,,,,,,,,,,,,,,,,,,,
V002,12.9915,77.6036,54.0,2025-01-22 12:32:38.102694,R5,Vehicle Data,,,,,,,,,,,,,,,,,,,,,
V003,13.0115,77.6502,59.0,2025-01-22 12:11:38.102694,R1,Vehicle Data,,,,,,,,,,,,,,,,,,,,,
V005,13.085,77.5197,50.0,2025-01-22 11:53:38.102694,R4,Vehicle Data,,,,,,,,,,,,,,,,,,,,,
V003,12.9299,77.6465,37.0,2025-01-22 12:34:38.102694,R5,Vehicle Data,,,,,,,,,,,,,,,,,,,,,
V001,13.0705,77.5038,33.0,2025-01-22 12:30:38.102694,R5,Vehicle Data,,,,,,,,,,,,,,,,,,,,,
V005,12.9304,77.5025,36.0,2025-01-22 12:21:38.102694,R2,Vehicle Data,,,,,,,,,,,,,,,,,,,,,
V003,13.0241,77.6441,30.0,2025-01-22 12:48:38.102694,R3,Vehicle Data,,,,,,,,,,,,,,,,,,,,,
V001,12.9662,77.502,50.0,2025-01-22 12:33:38.102694,R1,Vehicle Data,,,,,,,,,,,,,,,,,,,,,
V002,13.0991,77.5319,35.0,2025-01-22 12:37:38.102694,R1,Vehicle Data,,,,,,,,,,,,,,,,,,,,,
V002,12.9143,77.555,58.0,2025-01-22 11:57:38.102694,R2,Vehicle Data,,,,,,,,,,,,,,,,,,,,,
V004,12.9042,77.5855,46.0,2025-01-22 12:14:38.102694,R2,Vehicle Data,,,,,,,,,,,,,,,,,,,,,
V002,12.911,77.5139,49.0,2025-01-22 12:32:38.102694,R4,Vehicle Data,,,,,,,,,,,,,,,,,,,,,
V004,13.0376,77.6467,44.0,2025-01-22 12:33:38.102694,R2,Vehicle Data,,,,,,,,,,,,,,,,,,,,,
V002,13.0941,77.5501,39.0,2025-01-22 12:01:38.102694,R2,Vehicle Data,,,,,,,,,,,,,,,,,,,,,
V003,12.939,77.5428,30.0,2025-01-22 11:53:38.102694,R1,Vehicle Data,,,,,,,,,,,,,,,,,,,,,
V001,13.0534,77.5116,54.0,2025-01-22 12:45:38.102694,R4,Vehicle Data,,,,,,,,,,,,,,,,,,,,,
V001,12.9229,77.6207,31.0,2025-01-22 11:56:38.102694,R5,Vehicle Data,,,,,,,,,,,,,,,,,,,,,
V003,13.063,77.5231,32.0,2025-01-22 11:56:38.102694,R3,Vehicle Data,,,,,,,,,,,,,,,,,,,,,
V005,13.0631,77.6962,43.0,2025-01-22 12:28:38.102694,R1,Vehicle Data,,,,,,,,,,,,,,,,,,,,,
V001,12.9295,77.6351,34.0,2025-01-22 12:24:38.102694,R2,Vehicle Data,,,,,,,,,,,,,,,,,,,,,
V002,12.945,77.6372,36.0,2025-01-22 12:09:38.102694,R1,Vehicle Data,,,,,,,,,,,,,,,,,,,,,
V001,13.0775,77.5931,59.0,2025-01-22 12:06:38.102694,R1,Vehicle Data,,,,,,,,,,,,,,,,,,,,,
V004,12.9024,77.5196,55.0,2025-01-22 12:08:38.102694,R4,Vehicle Data,,,,,,,,,,,,,,,,,,,,,
V004,13.0754,77.6091,56.0,2025-01-22 12:43:38.102694,R3,Vehicle Data,,,,,,,,,,,,,,,,,,,,,
V004,12.9271,77.6278,42.0,2025-01-22 12:10:38.102694,R2,Vehicle Data,,,,,,,,,,,,,,,,,,,,,
V003,12.9607,77.5503,32.0,2025-01-22 11:59:38.102694,R2,Vehicle Data,,,,,,,,,,,,,,,,,,,,,
V001,12.9532,77.6003,51.0,2025-01-22 12:40:38.102694,R2,Vehicle Data,,,,,,,,,,,,,,,,,,,,,
V002,13.0131,77.5405,47.0,2025-01-22 12:33:38.102694,R3,Vehicle Data,,,,,,,,,,,,,,,,,,,,,
V003,13.0359,77.6017,38.0,2025-01-22 11:59:38.102694,R5,Vehicle Data,,,,,,,,,,,,,,,,,,,,,
V003,12.942,77.6651,34.0,2025-01-22 12:26:38.102694,R2,Vehicle Data,,,,,,,,,,,,,,,,,,,,,
V004,13.0557,77.6177,53.0,2025-01-22 12:43:38.102694,R1,Vehicle Data,,,,,,,,,,,,,,,,,,,,,
V002,12.9344,77.6386,57.0,2025-01-22 12:13:38.103688,R5,Vehicle Data,,,,,,,,,,,,,,,,,,,,,
V003,13.0801,77.5638,51.0,2025-01-22 12:35:38.103688,R5,Vehicle Data,,,,,,,,,,,,,,,,,,,,,
V002,12.9625,77.6272,33.0,2025-01-22 12:45:38.103688,R5,Vehicle Data,,,,,,,,,,,,,,,,,,,,,
V005,13.0315,77.5756,43.0,2025-01-22 12:01:38.103688,R3,Vehicle Data,,,,,,,,,,,,,,,,,,,,,
V001,12.9817,77.538,49.0,2025-01-22 12:25:38.103688,R1,Vehicle Data,,,,,,,,,,,,,,,,,,,,,
V002,13.0603,77.548,34.0,2025-01-22 12:27:38.103688,R5,Vehicle Data,,,,,,,,,,,,,,,,,,,,,
V001,13.002,77.5941,52.0,2025-01-22 12:13:38.103688,R2,Vehicle Data,,,,,,,,,,,,,,,,,,,,,
V005,13.0199,77.592,41.0,2025-01-22 12:25:38.103688,R4,Vehicle Data,,,,,,,,,,,,,,,,,,,,,
V004,12.9113,77.6518,58.0,2025-01-22 11:51:38.103688,R4,Vehicle Data,,,,,,,,,,,,,,,,,,,,,
V004,13.0022,77.5393,44.0,2025-01-22 12:13:38.103688,R5,Vehicle Data,,,,,,,,,,,,,,,,,,,,,
V003,12.9517,77.6365,53.0,2025-01-22 12:40:38.103688,R4,Vehicle Data,,,,,,,,,,,,,,,,,,,,,
V004,13.0733,77.5341,49.0,2025-01-22 12:41:38.103688,R2,Vehicle Data,,,,,,,,,,,,,,,,,,,,,
V003,13.0272,77.5323,58.0,2025-01-22 12:10:38.103688,R5,Vehicle Data,,,,,,,,,,,,,,,,,,,,,
V001,12.9901,77.5727,50.0,2025-01-22 11:55:38.103688,R3,Vehicle Data,,,,,,,,,,,,,,,,,,,,,
V002,13.0718,77.6506,32.0,2025-01-22 11:57:38.103688,R5,Vehicle Data,,,,,,,,,,,,,,,,,,,,,
V002,13.0365,77.6594,51.0,2025-01-22 12:39:38.103688,R3,Vehicle Data,,,,,,,,,,,,,,,,,,,,,
V001,12.9676,77.6877,57.0,2025-01-22 12:38:38.103688,R3,Vehicle Data,,,,,,,,,,,,,,,,,,,,,
V001,12.9628,77.5837,42.0,2025-01-22 12:19:38.103688,R4,Vehicle Data,,,,,,,,,,,,,,,,,,,,,
V005,13.0646,77.565,49.0,2025-01-22 12:31:38.103688,R3,Vehicle Data,,,,,,,,,,,,,,,,,,,,,
V003,13.0423,77.6454,33.0,2025-01-22 12:39:38.103688,R2,Vehicle Data,,,,,,,,,,,,,,,,,,,,,
V003,12.9336,77.5589,44.0,2025-01-22 11:52:38.103688,R3,Vehicle Data,,,,,,,,,,,,,,,,,,,,,
V005,13.0099,77.6035,32.0,2025-01-22 12:50:38.103688,R3,Vehicle Data,,,,,,,,,,,,,,,,,,,,,
V001,13.0376,77.5079,50.0,2025-01-22 12:01:38.103688,R4,Vehicle Data,,,,,,,,,,,,,,,,,,,,,
V003,12.9243,77.6589,41.0,2025-01-22 12:28:38.103688,R2,Vehicle Data,,,,,,,,,,,,,,,,,,,,,
V001,12.9551,77.617,39.0,2025-01-22 12:10:38.103688,R5,Vehicle Data,,,,,,,,,,,,,,,,,,,,,
V004,13.0234,77.5919,56.0,2025-01-22 12:40:38.103688,R3,Vehicle Data,,,,,,,,,,,,,,,,,,,,,
,,,,2025-01-22 12:15:38.103688,,Inventory Data,I005,66.0,Location_4,,,,,,,,,,,,,,,,,,
,,,,2025-01-22 12:49:38.103688,,Inventory Data,I002,153.0,Location_4,,,,,,,,,,,,,,,,,,
,,,,2025-01-22 12:19:38.103688,,Inventory Data,I005,117.0,Location_2,,,,,,,,,,,,,,,,,,
,,,,2025-01-22 11:53:38.103688,,Inventory Data,I003,81.0,Location_1,,,,,,,,,,,,,,,,,,
,,,,2025-01-22 12:37:38.103688,,Inventory Data,I002,165.0,Location_5,,,,,,,,,,,,,,,,,,
,,,,2025-01-22 12:31:38.103688,,Inventory Data,I003,79.0,Location_2,,,,,,,,,,,,,,,,,,
,,,,2025-01-22 12:15:38.103688,,Inventory Data,I005,118.0,Location_2,,,,,,,,,,,,,,,,,,
,,,,2025-01-22 12:36:38.103688,,Inventory Data,I002,177.0,Location_1,,,,,,,,,,,,,,,,,,
,,,,2025-01-22 12:37:38.103688,,Inventory Data,I001,154.0,Location_3,,,,,,,,,,,,,,,,,,
,,,,2025-01-22 11:54:38.103688,,Inventory Data,I004,99.0,Location_5,,,,,,,,,,,,,,,,,,
,,,,2025-01-22 12:08:38.103688,,Inventory Data,I003,192.0,Location_3,,,,,,,,,,,,,,,,,,
,,,,2025-01-22 12:24:38.103688,,Inventory Data,I003,125.0,Location_5,,,,,,,,,,,,,,,,,,
,,,,2025-01-22 12:24:38.103688,,Inventory Data,I001,109.0,Location_1,,,,,,,,,,,,,,,,,,
,,,,2025-01-22 12:32:38.103688,,Inventory Data,I001,180.0,Location_3,,,,,,,,,,,,,,,,,,
,,,,2025-01-22 12:26:38.103688,,Inventory Data,I005,56.0,Location_4,,,,,,,,,,,,,,,,,,
,,,,2025-01-22 12:45:38.103688,,Inventory Data,I005,193.0,Location_2,,,,,,,,,,,,,,,,,,
,,,,2025-01-22 12:50:38.103688,,Inventory Data,I002,181.0,Location_3,,,,,,,,,,,,,,,,,,
,,,,2025-01-22 12:48:38.103688,,Inventory Data,I003,199.0,Location_2,,,,,,,,,,,,,,,,,,
,,,,2025-01-22 12:17:38.103688,,Inventory Data,I005,131.0,Location_2,,,,,,,,,,,,,,,,,,
,,,,2025-01-22 11:51:38.103688,,Inventory Data,I002,177.0,Location_5,,,,,,,,,,,,,,,,,,
,,,,2025-01-22 12:01:38.103688,,Inventory Data,I001,142.0,Location_3,,,,,,,,,,,,,,,,,,
,,,,2025-01-22 12:33:38.103688,,Inventory Data,I001,183.0,Location_4,,,,,,,,,,,,,,,,,,
,,,,2025-01-22 12:36:38.103688,,Inventory Data,I003,197.0,Location_3,,,,,,,,,,,,,,,,,,
,,,,2025-01-22 12:24:38.103688,,Inventory Data,I005,66.0,Location_5,,,,,,,,,,,,,,,,,,
,,,,2025-01-22 11:54:38.103688,,Inventory Data,I003,194.0,Location_5,,,,,,,,,,,,,,,,,,
,,,,2025-01-22 11:53:38.103688,,Inventory Data,I004,68.0,Location_2,,,,,,,,,,,,,,,,,,
,,,,2025-01-22 12:45:38.103688,,Inventory Data,I002,154.0,Location_4,,,,,,,,,,,,,,,,,,
,,,,2025-01-22 11:56:38.103688,,Inventory Data,I004,56.0,Location_2,,,,,,,,,,,,,,,,,,
,,,,2025-01-22 12:38:38.103688,,Inventory Data,I003,189.0,Location_4,,,,,,,,,,,,,,,,,,
,,,,2025-01-22 11:50:38.103688,,Inventory Data,I005,173.0,Location_3,,,,,,,,,,,,,,,,,,
,,,,2025-01-22 12:18:38.104689,,Inventory Data,I001,121.0,Location_3,,,,,,,,,,,,,,,,,,
,,,,2025-01-22 12:23:38.104689,,Inventory Data,I005,112.0,Location_1,,,,,,,,,,,,,,,,,,
,,,,2025-01-22 12:06:38.104689,,Inventory Data,I005,51.0,Location_2,,,,,,,,,,,,,,,,,,
,,,,2025-01-22 12:02:38.104689,,Inventory Data,I001,152.0,Location_1,,,,,,,,,,,,,,,,,,
,,,,2025-01-22 12:08:38.104689,,Inventory Data,I001,82.0,Location_5,,,,,,,,,,,,,,,,,,
,,,,2025-01-22 12:06:38.104689,,Inventory Data,I004,57.0,Location_4,,,,,,,,,,,,,,,,,,
,,,,2025-01-22 12:38:38.104689,,Inventory Data,I005,53.0,Location_3,,,,,,,,,,,,,,,,,,
,,,,2025-01-22 12:11:38.104689,,Inventory Data,I002,76.0,Location_2,,,,,,,,,,,,,,,,,,
,,,,2025-01-22 11:53:38.104689,,Inventory Data,I002,152.0,Location_3,,,,,,,,,,,,,,,,,,
,,,,2025-01-22 11:54:38.104689,,Inventory Data,I003,83.0,Location_5,,,,,,,,,,,,,,,,,,
,,,,2025-01-22 12:48:38.104689,,Inventory Data,I005,137.0,Location_5,,,,,,,,,,,,,,,,,,
,,,,2025-01-22 11:54:38.104689,,Inventory Data,I002,75.0,Location_3,,,,,,,,,,,,,,,,,,
,,,,2025-01-22 12:09:38.104689,,Inventory Data,I001,191.0,Location_2,,,,,,,,,,,,,,,,,,
,,,,2025-01-22 12:09:38.104689,,Inventory Data,I002,199.0,Location_5,,,,,,,,,,,,,,,,,,
,,,,2025-01-22 12:32:38.104689,,Inventory Data,I001,154.0,Location_1,,,,,,,,,,,,,,,,,,
,,,,2025-01-22 12:42:38.104689,,Inventory Data,I002,123.0,Location_3,,,,,,,,,,,,,,,,,,
,,,,2025-01-22 11:59:38.104689,,Inventory Data,I005,83.0,Location_3,,,,,,,,,,,,,,,,,,
,,,,2025-01-22 12:17:38.104689,,Inventory Data,I003,105.0,Location_3,,,,,,,,,,,,,,,,,,
,,,,2025-01-22 12:36:38.104689,,Inventory Data,I005,166.0,Location_1,,,,,,,,,,,,,,,,,,
,,,,2025-01-22 12:01:38.104689,,Inventory Data,I003,132.0,Location_3,,,,,,,,,,,,,,,,,,
,,,,2025-01-22 12:24:38.104689,,Inventory Data,I001,188.0,Location_5,,,,,,,,,,,,,,,,,,
,,,,2025-01-22 12:41:38.104689,,Inventory Data,I001,191.0,Location_3,,,,,,,,,,,,,,,,,,
,,,,2025-01-22 11:56:38.104689,,Inventory Data,I003,56.0,Location_3,,,,,,,,,,,,,,,,,,
,,,,2025-01-22 12:37:38.104689,,Inventory Data,I001,64.0,Location_2,,,,,,,,,,,,,,,,,,
,,,,2025-01-22 12:18:38.104689,,Inventory Data,I002,157.0,Location_4,,,,,,,,,,,,,,,,,,
,,,,2025-01-22 12:06:38.104689,,Inventory Data,I001,101.0,Location_5,,,,,,,,,,,,,,,,,,
,,,,2025-01-22 12:50:38.104689,,Inventory Data,I002,195.0,Location_3,,,,,,,,,,,,,,,,,,
,,,,2025-01-22 12:10:38.104689,,Inventory Data,I002,99.0,Location_5,,,,,,,,,,,,,,,,,,
,,,,2025-01-22 12:39:38.104689,,Inventory Data,I001,132.0,Location_3,,,,,,,,,,,,,,,,,,
,,,,2025-01-22 12:34:38.104689,,Inventory Data,I001,183.0,Location_1,,,,,,,,,,,,,,,,,,
,,,,2025-01-22 12:12:38.104689,,Inventory Data,I005,76.0,Location_1,,,,,,,,,,,,,,,,,,
,,,,2025-01-22 12:33:38.104689,,Inventory Data,I004,53.0,Location_2,,,,,,,,,,,,,,,,,,
,,,,2025-01-22 12:23:38.104689,,Inventory Data,I001,78.0,Location_3,,,,,,,,,,,,,,,,,,
,,,,2025-01-22 12:19:38.104689,,Inventory Data,I004,177.0,Location_1,,,,,,,,,,,,,,,,,,
,,,,2025-01-22 12:08:38.104689,,Inventory Data,I004,195.0,Location_4,,,,,,,,,,,,,,,,,,
,,,,2025-01-22 11:54:38.104689,,Inventory Data,I001,187.0,Location_5,,,,,,,,,,,,,,,,,,
,,,,2025-01-22 12:26:38.104689,,Inventory Data,I001,149.0,Location_1,,,,,,,,,,,,,,,,,,
,,,,2025-01-22 12:29:38.104689,,Inventory Data,I005,59.0,Location_5,,,,,,,,,,,,,,,,,,
,,,,2025-01-22 12:28:38.104689,,Inventory Data,I001,55.0,Location_2,,,,,,,,,,,,,,,,,,
,,,,2025-01-22 12:41:38.104689,,Inventory Data,I002,75.0,Location_2,,,,,,,,,,,,,,,,,,
,,,,2025-01-22 12:02:38.104689,,Inventory Data,I005,171.0,Location_4,,,,,,,,,,,,,,,,,,
,,,,2025-01-22 12:39:38.104689,,Inventory Data,I002,186.0,Location_1,,,,,,,,,,,,,,,,,,
,,,,2025-01-22 12:08:38.104689,,Inventory Data,I001,123.0,Location_2,,,,,,,,,,,,,,,,,,
,,,,2025-01-22 12:35:38.104689,,Inventory Data,I004,81.0,Location_4,,,,,,,,,,,,,,,,,,
,,,,2025-01-22 12:34:38.104689,,Inventory Data,I003,130.0,Location_3,,,,,,,,,,,,,,,,,,
,,,,2025-01-22 12:19:38.104689,,Inventory Data,I005,167.0,Location_1,,,,,,,,,,,,,,,,,,
,,,,2025-01-22 12:11:38.104689,,Inventory Data,I003,143.0,Location_5,,,,,,,,,,,,,,,,,,
,,,,2025-01-22 12:11:38.104689,,Inventory Data,I004,164.0,Location_3,,,,,,,,,,,,,,,,,,
,,,,2025-01-22 11:58:38.104689,,Inventory Data,I004,93.0,Location_5,,,,,,,,,,,,,,,,,,
,,,,2025-01-22 12:38:38.104689,,Inventory Data,I004,85.0,Location_5,,,,,,,,,,,,,,,,,,
,,,,2025-01-22 12:33:38.104689,,Inventory Data,I003,98.0,Location_1,,,,,,,,,,,,,,,,,,
,,,,2025-01-22 12:35:38.104689,,Inventory Data,I003,146.0,Location_1,,,,,,,,,,,,,,,,,,
,,,,2025-01-22 12:07:38.104689,,Inventory Data,I004,198.0,Location_3,,,,,,,,,,,,,,,,,,
,,,,2025-01-22 12:43:38.104689,,Inventory Data,I003,130.0,Location_1,,,,,,,,,,,,,,,,,,
,,,,2025-01-22 12:45:38.104689,,Inventory Data,I004,125.0,Location_3,,,,,,,,,,,,,,,,,,
,,,,2025-01-22 12:35:38.104689,,Inventory Data,I002,72.0,Location_3,,,,,,,,,,,,,,,,,,
,,,,2025-01-22 12:43:38.104689,,Inventory Data,I003,146.0,Location_4,,,,,,,,,,,,,,,,,,
,,,,2025-01-22 12:03:38.104689,,Inventory Data,I003,171.0,Location_5,,,,,,,,,,,,,,,,,,
,,,,2025-01-22 12:24:38.104689,,Inventory Data,I002,177.0,Location_4,,,,,,,,,,,,,,,,,,
,,,,2025-01-22 11:57:38.104689,,Inventory Data,I005,81.0,Location_5,,,,,,,,,,,,,,,,,,
,,,,2025-01-22 12:26:38.104689,,Inventory Data,I001,189.0,Location_3,,,,,,,,,,,,,,,,,,
,,,,2025-01-22 11:55:38.104689,,Inventory Data,I003,175.0,Location_5,,,,,,,,,,,,,,,,,,
,,,,2025-01-22 12:34:38.104689,,Inventory Data,I005,84.0,Location_1,,,,,,,,,,,,,,,,,,
,,,,2025-01-22 12:49:38.104689,,Inventory Data,I002,78.0,Location_3,,,,,,,,,,,,,,,,,,
,,,,2025-01-22 11:52:38.104689,,Inventory Data,I003,164.0,Location_5,,,,,,,,,,,,,,,,,,
,,,,2025-01-22 12:03:38.104689,,Inventory Data,I004,147.0,Location_3,,,,,,,,,,,,,,,,,,
,,,,2025-01-22 11:50:38.104689,,Inventory Data,I002,164.0,Location_4,,,,,,,,,,,,,,,,,,
,,,,2025-01-22 12:18:38.104689,,Inventory Data,I005,68.0,Location_5,,,,,,,,,,,,,,,,,,
,,,,2025-01-22 11:52:38.104689,,Inventory Data,I002,50.0,Location_4,,,,,,,,,,,,,,,,,,
,,,,2025-01-22 12:42:38.104689,,Inventory Data,I001,177.0,Location_3,,,,,,,,,,,,,,,,,,
,,,,2025-01-22 12:35:38.104689,,Environmental Data,,,,Location_3,Cloudy,Moderate,,,,,,,,,,,,,,,
,,,,2025-01-22 12:17:38.104689,,Environmental Data,,,,Location_4,Rainy,Heavy,,,,,,,,,,,,,,,
,,,,2025-01-22 12:42:38.104689,,Environmental Data,,,,Location_1,Sunny,Heavy,,,,,,,,,,,,,,,
,,,,2025-01-22 12:36:38.104689,,Environmental Data,,,,Location_4,Rainy,Moderate,,,,,,,,,,,,,,,
,,,,2025-01-22 12:12:38.104689,,Environmental Data,,,,Location_3,Cloudy,Light,,,,,,,,,,,,,,,
,,,,2025-01-22 12:08:38.104689,,Environmental Data,,,,Location_4,Cloudy,Light,,,,,,,,,,,,,,,
,,,,2025-01-22 11:56:38.104689,,Environmental Data,,,,Location_3,Sunny,Moderate,,,,,,,,,,,,,,,
,,,,2025-01-22 12:47:38.104689,,Environmental Data,,,,Location_1,Rainy,Heavy,,,,,,,,,,,,,,,
,,,,2025-01-22 12:32:38.104689,,Environmental Data,,,,Location_4,Cloudy,Moderate,,,,,,,,,,,,,,,
,,,,2025-01-22 12:19:38.104689,,Environmental Data,,,,Location_5,Cloudy,Moderate,,,,,,,,,,,,,,,
,,,,2025-01-22 11:51:38.104689,,Environmental Data,,,,Location_1,Sunny,Light,,,,,,,,,,,,,,,
,,,,2025-01-22 11:58:38.104689,,Environmental Data,,,,Location_5,Cloudy,Heavy,,,,,,,,,,,,,,,
,,,,2025-01-22 12:22:38.104689,,Environmental Data,,,,Location_2,Sunny,Heavy,,,,,,,,,,,,,,,
,,,,2025-01-22 12:37:38.104689,,Environmental Data,,,,Location_3,Sunny,Moderate,,,,,,,,,,,,,,,
,,,,2025-01-22 12:23:38.104689,,Environmental Data,,,,Location_1,Sunny,Light,,,,,,,,,,,,,,,
,,,,2025-01-22 11:59:38.104689,,Environmental Data,,,,Location_1,Cloudy,Moderate,,,,,,,,,,,,,,,
,,,,2025-01-22 12:30:38.104689,,Environmental Data,,,,Location_2,Cloudy,Moderate,,,,,,,,,,,,,,,
,,,,2025-01-22 12:16:38.104689,,Environmental Data,,,,Location_4,Sunny,Light,,,,,,,,,,,,,,,
,,,,2025-01-22 12:27:38.104689,,Environmental Data,,,,Location_4,Rainy,Heavy,,,,,,,,,,,,,,,
,,,,2025-01-22 12:41:38.104689,,Environmental Data,,,,Location_3,Rainy,Moderate,,,,,,,,,,,,,,,
,,,,2025-01-22 12:39:38.104689,,Environmental Data,,,,Location_5,Sunny,Light,,,,,,,,,,,,,,,
,,,,2025-01-22 12:19:38.104689,,Environmental Data,,,,Location_5,Sunny,Moderate,,,,,,,,,,,,,,,
,,,,2025-01-22 12:50:38.104689,,Environmental Data,,,,Location_1,Cloudy,Light,,,,,,,,,,,,,,,
,,,,2025-01-22 12:00:38.104689,,Environmental Data,,,,Location_3,Sunny,Heavy,,,,,,,,,,,,,,,
,,,,2025-01-22 12:37:38.104689,,Environmental Data,,,,Location_3,Sunny,Heavy,,,,,,,,,,,,,,,
,,,,2025-01-22 12:41:38.104689,,Environmental Data,,,,Location_1,Sunny,Light,,,,,,,,,,,,,,,
,,,,2025-01-22 12:06:38.104689,,Environmental Data,,,,Location_5,Cloudy,Light,,,,,,,,,,,,,,,
,,,,2025-01-22 12:22:38.104689,,Environmental Data,,,,Location_5,Sunny,Light,,,,,,,,,,,,,,,
,,,,2025-01-22 12:07:38.104689,,Environmental Data,,,,Location_3,Rainy,Heavy,,,,,,,,,,,,,,,
,,,,2025-01-22 12:27:38.104689,,Environmental Data,,,,Location_3,Rainy,Moderate,,,,,,,,,,,,,,,
,,,,2025-01-22 12:17:38.104689,,Environmental Data,,,,Location_5,Sunny,Heavy,,,,,,,,,,,,,,,
,,,,2025-01-22 12:45:38.104689,,Environmental Data,,,,Location_2,Cloudy,Heavy,,,,,,,,,,,,,,,
,,,,2025-01-22 12:09:38.104689,,Environmental Data,,,,Location_5,Sunny,Moderate,,,,,,,,,,,,,,,
,,,,2025-01-22 12:07:38.104689,,Environmental Data,,,,Location_3,Rainy,Light,,,,,,,,,,,,,,,
,,,,2025-01-22 12:43:38.104689,,Environmental Data,,,,Location_3,Cloudy,Moderate,,,,,,,,,,,,,,,
,,,,2025-01-22 12:41:38.104689,,Environmental Data,,,,Location_5,Rainy,Light,,,,,,,,,,,,,,,
,,,,2025-01-22 12:47:38.104689,,Environmental Data,,,,Location_4,Cloudy,Moderate,,,,,,,,,,,,,,,
,,,,2025-01-22 12:47:38.104689,,Environmental Data,,,,Location_2,Sunny,Moderate,,,,,,,,,,,,,,,
,,,,2025-01-22 11:58:38.104689,,Environmental Data,,,,Location_2,Sunny,Heavy,,,,,,,,,,,,,,,
,,,,2025-01-22 12:40:38.104689,,Environmental Data,,,,Location_5,Rainy,Heavy,,,,,,,,,,,,,,,
,,,,2025-01-22 12:49:38.105691,,Environmental Data,,,,Location_1,Rainy,Moderate,,,,,,,,,,,,,,,
,,,,2025-01-22 12:11:38.105691,,Environmental Data,,,,Location_2,Sunny,Heavy,,,,,,,,,,,,,,,
,,,,2025-01-22 12:04:38.105691,,Environmental Data,,,,Location_2,Sunny,Heavy,,,,,,,,,,,,,,,
,,,,2025-01-22 12:49:38.105691,,Environmental Data,,,,Location_5,Cloudy,Moderate,,,,,,,,,,,,,,,
,,,,2025-01-22 12:32:38.105691,,Environmental Data,,,,Location_3,Cloudy,Heavy,,,,,,,,,,,,,,,
,,,,2025-01-22 11:55:38.105691,,Environmental Data,,,,Location_1,Cloudy,Heavy,,,,,,,,,,,,,,,
,,,,2025-01-22 12:36:38.105691,,Environmental Data,,,,Location_5,Cloudy,Moderate,,,,,,,,,,,,,,,
,,,,2025-01-22 12:49:38.105691,,Environmental Data,,,,Location_1,Rainy,Light,,,,,,,,,,,,,,,
,,,,2025-01-22 11:52:38.105691,,Environmental Data,,,,Location_3,Rainy,Heavy,,,,,,,,,,,,,,,
,,,,2025-01-22 11:59:38.105691,,Environmental Data,,,,Location_2,Cloudy,Light,,,,,,,,,,,,,,,
,,,,2025-01-22 11:56:38.105691,,Environmental Data,,,,Location_3,Cloudy,Moderate,,,,,,,,,,,,,,,
,,,,2025-01-22 12:01:38.105691,,Environmental Data,,,,Location_3,Cloudy,Light,,,,,,,,,,,,,,,
,,,,2025-01-22 12:01:38.105691,,Environmental Data,,,,Location_2,Cloudy,Light,,,,,,,,,,,,,,,
,,,,2025-01-22 12:00:38.105691,,Environmental Data,,,,Location_5,Sunny,Heavy,,,,,,,,,,,,,,,
,,,,2025-01-22 12:26:38.105691,,Environmental Data,,,,Location_3,Sunny,Light,,,,,,,,,,,,,,,
,,,,2025-01-22 12:08:38.105691,,Environmental Data,,,,Location_4,Rainy,Moderate,,,,,,,,,,,,,,,
,,,,2025-01-22 12:33:38.105691,,Environmental Data,,,,Location_2,Sunny,Light,,,,,,,,,,,,,,,
,,,,2025-01-22 12:35:38.105691,,Environmental Data,,,,Location_4,Rainy,Heavy,,,,,,,,,,,,,,,
,,,,2025-01-22 12:12:38.105691,,Environmental Data,,,,Location_4,Cloudy,Light,,,,,,,,,,,,,,,
,,,,2025-01-22 12:12:38.105691,,Environmental Data,,,,Location_3,Sunny,Moderate,,,,,,,,,,,,,,,
,,,,2025-01-22 12:49:38.105691,,Environmental Data,,,,Location_2,Cloudy,Moderate,,,,,,,,,,,,,,,
,,,,2025-01-22 12:11:38.105691,,Environmental Data,,,,Location_2,Cloudy,Moderate,,,,,,,,,,,,,,,
,,,,2025-01-22 12:01:38.105691,,Environmental Data,,,,Location_2,Sunny,Heavy,,,,,,,,,,,,,,,
,,,,2025-01-22 12:34:38.105691,,Environmental Data,,,,Location_5,Cloudy,Light,,,,,,,,,,,,,,,
,,,,2025-01-22 12:15:38.105691,,Environmental Data,,,,Location_1,Cloudy,Light,,,,,,,,,,,,,,,
,,,,2025-01-22 12:35:38.105691,,Environmental Data,,,,Location_3,Cloudy,Light,,,,,,,,,,,,,,,
,,,,2025-01-22 12:15:38.105691,,Environmental Data,,,,Location_3,Sunny,Moderate,,,,,,,,,,,,,,,
,,,,2025-01-22 12:35:38.105691,,Environmental Data,,,,Location_5,Sunny,Moderate,,,,,,,,,,,,,,,
,,,,2025-01-22 12:30:38.105691,,Environmental Data,,,,Location_3,Sunny,Light,,,,,,,,,,,,,,,
,,,,2025-01-22 12:22:38.105691,,Environmental Data,,,,Location_2,Rainy,Light,,,,,,,,,,,,,,,
,,,,2025-01-22 12:20:38.105691,,Environmental Data,,,,Location_4,Sunny,Heavy,,,,,,,,,,,,,,,
,,,,2025-01-22 12:50:38.105691,,Environmental Data,,,,Location_3,Sunny,Light,,,,,,,,,,,,,,,
,,,,2025-01-22 11:57:38.105691,,Environmental Data,,,,Location_1,Rainy,Heavy,,,,,,,,,,,,,,,
,,,,2025-01-22 12:27:38.105691,,Environmental Data,,,,Location_4,Sunny,Light,,,,,,,,,,,,,,,
,,,,2025-01-22 12:42:38.105691,,Environmental Data,,,,Location_2,Cloudy,Moderate,,,,,,,,,,,,,,,
,,,,2025-01-22 12:25:38.105691,,Environmental Data,,,,Location_1,Cloudy,Moderate,,,,,,,,,,,,,,,
,,,,2025-01-22 12:50:38.105691,,Environmental Data,,,,Location_4,Rainy,Light,,,,,,,,,,,,,,,
,,,,2025-01-22 12:16:38.105691,,Environmental Data,,,,Location_4,Sunny,Heavy,,,,,,,,,,,,,,,
,,,,2025-01-22 12:44:38.105691,,Environmental Data,,,,Location_3,Cloudy,Heavy,,,,,,,,,,,,,,,
,,,,2025-01-22 12:24:38.105691,,Environmental Data,,,,Location_3,Sunny,Heavy,,,,,,,,,,,,,,,
,,,,2025-01-22 12:25:38.105691,,Environmental Data,,,,Location_2,Cloudy,Heavy,,,,,,,,,,,,,,,
,,,,2025-01-22 11:54:38.105691,,Environmental Data,,,,Location_5,Sunny,Heavy,,,,,,,,,,,,,,,
,,,,2025-01-22 11:50:38.105691,,Environmental Data,,,,Location_1,Sunny,Heavy,,,,,,,,,,,,,,,
,,,,2025-01-22 12:49:38.105691,,Environmental Data,,,,Location_3,Rainy,Heavy,,,,,,,,,,,,,,,
,,,,2025-01-22 12:06:38.105691,,Environmental Data,,,,Location_5,Sunny,Moderate,,,,,,,,,,,,,,,
,,,,2025-01-22 12:41:38.105691,,Environmental Data,,,,Location_5,Rainy,Heavy,,,,,,,,,,,,,,,
,,,,2025-01-22 12:08:38.105691,,Environmental Data,,,,Location_4,Rainy,Light,,,,,,,,,,,,,,,
,,,,2025-01-22 12:49:38.105691,,Environmental Data,,,,Location_3,Cloudy,Heavy,,,,,,,,,,,,,,,
,,,,2025-01-22 11:50:38.105691,,Environmental Data,,,,Location_3,Rainy,Heavy,,,,,,,,,,,,,,,
,,,,2025-01-22 12:03:38.105691,,Environmental Data,,,,Location_4,Rainy,Heavy,,,,,,,,,,,,,,,
,,,,2025-01-22 12:23:38.105691,,Environmental Data,,,,Location_2,Sunny,Heavy,,,,,,,,,,,,,,,
,,,,2025-01-22 12:43:38.105691,,Environmental Data,,,,Location_4,Sunny,Heavy,,,,,,,,,,,,,,,
,,,,2025-01-22 12:38:38.105691,,Environmental Data,,,,Location_4,Sunny,Moderate,,,,,,,,,,,,,,,
,,,,2025-01-22 12:45:38.105691,,Environmental Data,,,,Location_3,Sunny,Light,,,,,,,,,,,,,,,
,,,,2025-01-22 12:13:38.105691,,Environmental Data,,,,Location_5,Rainy,Heavy,,,,,,,,,,,,,,,
,,,,2025-01-22 12:38:38.105691,,Environmental Data,,,,Location_2,Cloudy,Moderate,,,,,,,,,,,,,,,
,,,,2025-01-22 12:24:38.105691,,Environmental Data,,,,Location_1,Cloudy,Light,,,,,,,,,,,,,,,
,,,,2025-01-22 12:14:38.105691,,Environmental Data,,,,Location_2,Rainy,Heavy,,,,,,,,,,,,,,,
,,,,2025-01-22 12:10:38.105691,,Environmental Data,,,,Location_1,Sunny,Heavy,,,,,,,,,,,,,,,
,,,,2025-01-22 12:17:38.105691,,Environmental Data,,,,Location_5,Sunny,Heavy,,,,,,,,,,,,,,,
,,,,2025-01-22 12:18:38.105691,,Driver Behavior Data,,,,,,,D001,2.0,2.0,116.0,,,,,,,,,,,
,,,,2025-01-22 11:58:38.105691,,Driver Behavior Data,,,,,,,D004,2.0,0.0,102.0,,,,,,,,,,,
,,,,2025-01-22 12:42:38.105691,,Driver Behavior Data,,,,,,,D004,2.0,0.0,178.0,,,,,,,,,,,
,,,,2025-01-22 12:49:38.105691,,Driver Behavior Data,,,,,,,D005,0.0,3.0,164.0,,,,,,,,,,,
,,,,2025-01-22 12:06:38.105691,,Driver Behavior Data,,,,,,,D004,2.0,1.0,101.0,,,,,,,,,,,
,,,,2025-01-22 12:10:38.105691,,Driver Behavior Data,,,,,,,D005,0.0,3.0,180.0,,,,,,,,,,,
,,,,2025-01-22 11:58:38.105691,,Driver Behavior Data,,,,,,,D002,3.0,3.0,172.0,,,,,,,,,,,
,,,,2025-01-22 11:50:38.105691,,Driver Behavior Data,,,,,,,D004,2.0,0.0,111.0,,,,,,,,,,,
,,,,2025-01-22 11:51:38.105691,,Driver Behavior Data,,,,,,,D004,1.0,3.0,44.0,,,,,,,,,,,
,,,,2025-01-22 12:46:38.105691,,Driver Behavior Data,,,,,,,D003,3.0,2.0,59.0,,,,,,,,,,,
,,,,2025-01-22 12:30:38.105691,,Driver Behavior Data,,,,,,,D001,0.0,0.0,141.0,,,,,,,,,,,
,,,,2025-01-22 12:23:38.105691,,Driver Behavior Data,,,,,,,D003,1.0,3.0,38.0,,,,,,,,,,,
,,,,2025-01-22 12:41:38.105691,,Driver Behavior Data,,,,,,,D004,0.0,2.0,170.0,,,,,,,,,,,
,,,,2025-01-22 12:42:38.105691,,Driver Behavior Data,,,,,,,D005,0.0,0.0,105.0,,,,,,,,,,,
,,,,2025-01-22 12:07:38.105691,,Driver Behavior Data,,,,,,,D004,1.0,1.0,93.0,,,,,,,,,,,
,,,,2025-01-22 12:45:38.105691,,Driver Behavior Data,,,,,,,D003,1.0,1.0,58.0,,,,,,,,,,,
,,,,2025-01-22 12:35:38.105691,,Driver Behavior Data,,,,,,,D001,2.0,0.0,38.0,,,,,,,,,,,
,,,,2025-01-22 12:31:38.105691,,Driver Behavior Data,,,,,,,D004,1.0,2.0,34.0,,,,,,,,,,,
,,,,2025-01-22 12:01:38.105691,,Driver Behavior Data,,,,,,,D001,1.0,2.0,91.0,,,,,,,,,,,
,,,,2025-01-22 12:17:38.105691,,Driver Behavior Data,,,,,,,D002,2.0,3.0,120.0,,,,,,,,,,,
,,,,2025-01-22 12:17:38.105691,,Driver Behavior Data,,,,,,,D005,1.0,2.0,53.0,,,,,,,,,,,
,,,,2025-01-22 12:14:38.105691,,Driver Behavior Data,,,,,,,D003,0.0,2.0,39.0,,,,,,,,,,,
,,,,2025-01-22 12:01:38.105691,,Driver Behavior Data,,,,,,,D004,2.0,3.0,176.0,,,,,,,,,,,
,,,,2025-01-22 11:52:38.105691,,Driver Behavior Data,,,,,,,D003,2.0,3.0,43.0,,,,,,,,,,,
,,,,2025-01-22 12:05:38.105691,,Driver Behavior Data,,,,,,,D001,0.0,2.0,87.0,,,,,,,,,,,
,,,,2025-01-22 12:25:38.105691,,Driver Behavior Data,,,,,,,D002,2.0,2.0,34.0,,,,,,,,,,,
,,,,2025-01-22 12:38:38.105691,,Driver Behavior Data,,,,,,,D003,0.0,2.0,45.0,,,,,,,,,,,
,,,,2025-01-22 11:55:38.105691,,Driver Behavior Data,,,,,,,D002,0.0,0.0,87.0,,,,,,,,,,,
,,,,2025-01-22 11:58:38.105691,,Driver Behavior Data,,,,,,,D001,0.0,2.0,167.0,,,,,,,,,,,
,,,,2025-01-22 12:25:38.105691,,Driver Behavior Data,,,,,,,D001,1.0,1.0,153.0,,,,,,,,,,,
,,,,2025-01-22 12:39:38.105691,,Driver Behavior Data,,,,,,,D001,0.0,0.0,158.0,,,,,,,,,,,
,,,,2025-01-22 12:14:38.105691,,Driver Behavior Data,,,,,,,D004,0.0,1.0,87.0,,,,,,,,,,,
,,,,2025-01-22 12:38:38.105691,,Driver Behavior Data,,,,,,,D004,0.0,0.0,60.0,,,,,,,,,,,
,,,,2025-01-22 12:07:38.105691,,Driver Behavior Data,,,,,,,D001,3.0,2.0,124.0,,,,,,,,,,,
,,,,2025-01-22 12:04:38.105691,,Driver Behavior Data,,,,,,,D005,2.0,2.0,161.0,,,,,,,,,,,
,,,,2025-01-22 12:13:38.105691,,Driver Behavior Data,,,,,,,D001,1.0,0.0,83.0,,,,,,,,,,,
,,,,2025-01-22 12:17:38.105691,,Driver Behavior Data,,,,,,,D001,1.0,0.0,43.0,,,,,,,,,,,
,,,,2025-01-22 11:53:38.105691,,Driver Behavior Data,,,,,,,D003,0.0,2.0,97.0,,,,,,,,,,,
,,,,2025-01-22 12:19:38.105691,,Driver Behavior Data,,,,,,,D004,3.0,0.0,62.0,,,,,,,,,,,
,,,,2025-01-22 11:57:38.105691,,Driver Behavior Data,,,,,,,D003,2.0,3.0,120.0,,,,,,,,,,,
,,,,2025-01-22 12:30:38.105691,,Driver Behavior Data,,,,,,,D004,0.0,3.0,157.0,,,,,,,,,,,
,,,,2025-01-22 12:41:38.105691,,Driver Behavior Data,,,,,,,D004,0.0,2.0,171.0,,,,,,,,,,,
,,,,2025-01-22 12:46:38.105691,,Driver Behavior Data,,,,,,,D001,3.0,3.0,31.0,,,,,,,,,,,
,,,,2025-01-22 12:06:38.105691,,Driver Behavior Data,,,,,,,D002,0.0,1.0,45.0,,,,,,,,,,,
,,,,2025-01-22 11:55:38.105691,,Driver Behavior Data,,,,,,,D005,0.0,2.0,147.0,,,,,,,,,,,
,,,,2025-01-22 11:54:38.105691,,Driver Behavior Data,,,,,,,D001,1.0,0.0,73.0,,,,,,,,,,,
,,,,2025-01-22 11:50:38.105691,,Driver Behavior Data,,,,,,,D004,0.0,3.0,172.0,,,,,,,,,,,
,,,,2025-01-22 12:11:38.105691,,Driver Behavior Data,,,,,,,D001,0.0,3.0,171.0,,,,,,,,,,,
,,,,2025-01-22 11:59:38.105691,,Driver Behavior Data,,,,,,,D001,3.0,0.0,92.0,,,,,,,,,,,
,,,,2025-01-22 12:25:38.105691,,Driver Behavior Data,,,,,,,D003,3.0,1.0,114.0,,,,,,,,,,,
,,,,2025-01-22 12:24:38.105691,,Driver Behavior Data,,,,,,,D004,3.0,1.0,112.0,,,,,,,,,,,
,,,,2025-01-22 12:30:38.105691,,Driver Behavior Data,,,,,,,D001,3.0,2.0,73.0,,,,,,,,,,,
,,,,2025-01-22 12:16:38.105691,,Driver Behavior Data,,,,,,,D001,1.0,1.0,68.0,,,,,,,,,,,
,,,,2025-01-22 12:04:38.105691,,Driver Behavior Data,,,,,,,D003,3.0,1.0,86.0,,,,,,,,,,,
,,,,2025-01-22 12:25:38.105691,,Driver Behavior Data,,,,,,,D005,3.0,3.0,158.0,,,,,,,,,,,
,,,,2025-01-22 12:35:38.105691,,Driver Behavior Data,,,,,,,D002,3.0,0.0,131.0,,,,,,,,,,,
,,,,2025-01-22 12:32:38.105691,,Driver Behavior Data,,,,,,,D002,1.0,3.0,152.0,,,,,,,,,,,
,,,,2025-01-22 12:12:38.105691,,Driver Behavior Data,,,,,,,D004,1.0,3.0,42.0,,,,,,,,,,,
,,,,2025-01-22 12:41:38.105691,,Driver Behavior Data,,,,,,,D003,1.0,0.0,82.0,,,,,,,,,,,
,,,,2025-01-22 12:01:38.105691,,Driver Behavior Data,,,,,,,D005,2.0,3.0,144.0,,,,,,,,,,,
,,,,2025-01-22 12:20:38.105691,,Driver Behavior Data,,,,,,,D002,3.0,1.0,101.0,,,,,,,,,,,
,,,,2025-01-22 12:47:38.105691,,Driver Behavior Data,,,,,,,D002,2.0,3.0,37.0,,,,,,,,,,,
,,,,2025-01-22 12:20:38.105691,,Driver Behavior Data,,,,,,,D005,1.0,3.0,42.0,,,,,,,,,,,
,,,,2025-01-22 12:03:38.105691,,Driver Behavior Data,,,,,,,D001,3.0,0.0,163.0,,,,,,,,,,,
,,,,2025-01-22 12:46:38.106687,,Driver Behavior Data,,,,,,,D001,2.0,2.0,160.0,,,,,,,,,,,
,,,,2025-01-22 12:12:38.106687,,Driver Behavior Data,,,,,,,D001,0.0,0.0,138.0,,,,,,,,,,,
,,,,2025-01-22 12:15:38.106687,,Driver Behavior Data,,,,,,,D005,3.0,3.0,35.0,,,,,,,,,,,
,,,,2025-01-22 12:03:38.106687,,Driver Behavior Data,,,,,,,D005,2.0,3.0,92.0,,,,,,,,,,,
,,,,2025-01-22 11:54:38.106687,,Driver Behavior Data,,,,,,,D003,2.0,3.0,95.0,,,,,,,,,,,
,,,,2025-01-22 11:51:38.106687,,Driver Behavior Data,,,,,,,D002,2.0,1.0,37.0,,,,,,,,,,,
,,,,2025-01-22 12:45:38.106687,,Driver Behavior Data,,,,,,,D005,2.0,2.0,79.0,,,,,,,,,,,
,,,,2025-01-22 12:22:38.106687,,Driver Behavior Data,,,,,,,D004,1.0,1.0,139.0,,,,,,,,,,,
,,,,2025-01-22 12:49:38.106687,,Driver Behavior Data,,,,,,,D002,2.0,3.0,77.0,,,,,,,,,,,
,,,,2025-01-22 11:51:38.106687,,Driver Behavior Data,,,,,,,D003,2.0,0.0,121.0,,,,,,,,,,,
,,,,2025-01-22 11:54:38.106687,,Driver Behavior Data,,,,,,,D003,3.0,3.0,173.0,,,,,,,,,,,
,,,,2025-01-22 12:22:38.106687,,Driver Behavior Data,,,,,,,D002,3.0,3.0,34.0,,,,,,,,,,,
,,,,2025-01-22 12:20:38.106687,,Driver Behavior Data,,,,,,,D003,0.0,1.0,154.0,,,,,,,,,,,
,,,,2025-01-22 12:31:38.106687,,Driver Behavior Data,,,,,,,D001,0.0,0.0,47.0,,,,,,,,,,,
,,,,2025-01-22 12:39:38.106687,,Driver Behavior Data,,,,,,,D002,3.0,1.0,47.0,,,,,,,,,,,
,,,,2025-01-22 12:30:38.106687,,Driver Behavior Data,,,,,,,D005,0.0,1.0,73.0,,,,,,,,,,,
,,,,2025-01-22 12:15:38.106687,,Driver Behavior Data,,,,,,,D005,0.0,1.0,150.0,,,,,,,,,,,
,,,,2025-01-22 12:00:38.106687,,Driver Behavior Data,,,,,,,D001,1.0,1.0,137.0,,,,,,,,,,,
,,,,2025-01-22 12:12:38.106687,,Driver Behavior Data,,,,,,,D003,2.0,3.0,59.0,,,,,,,,,,,
,,,,2025-01-22 11:55:38.106687,,Driver Behavior Data,,,,,,,D001,3.0,2.0,155.0,,,,,,,,,,,
,,,,2025-01-22 12:32:38.106687,,Driver Behavior Data,,,,,,,D002,2.0,1.0,56.0,,,,,,,,,,,
,,,,2025-01-22 12:44:38.106687,,Driver Behavior Data,,,,,,,D005,1.0,3.0,175.0,,,,,,,,,,,
,,,,2025-01-22 12:17:38.106687,,Driver Behavior Data,,,,,,,D002,1.0,1.0,152.0,,,,,,,,,,,
,,,,2025-01-22 12:29:38.106687,,Driver Behavior Data,,,,,,,D005,3.0,1.0,58.0,,,,,,,,,,,
,,,,2025-01-22 12:41:38.106687,,Driver Behavior Data,,,,,,,D004,3.0,1.0,36.0,,,,,,,,,,,
,,,,2025-01-22 12:18:38.106687,,Driver Behavior Data,,,,,,,D005,2.0,3.0,105.0,,,,,,,,,,,
,,,,2025-01-22 12:09:38.106687,,Driver Behavior Data,,,,,,,D003,1.0,2.0,176.0,,,,,,,,,,,
,,,,2025-01-22 12:50:38.106687,,Driver Behavior Data,,,,,,,D003,1.0,2.0,113.0,,,,,,,,,,,
,,,,2025-01-22 11:57:38.106687,,Driver Behavior Data,,,,,,,D001,1.0,2.0,112.0,,,,,,,,,,,
,,,,2025-01-22 12:50:38.106687,,Driver Behavior Data,,,,,,,D004,0.0,0.0,180.0,,,,,,,,,,,
,,,,2025-01-22 12:08:38.106687,,Driver Behavior Data,,,,,,,D003,2.0,1.0,41.0,,,,,,,,,,,
,,,,2025-01-22 11:53:38.106687,,Driver Behavior Data,,,,,,,D003,1.0,3.0,64.0,,,,,,,,,,,
,,,,2025-01-22 12:30:38.106687,,Driver Behavior Data,,,,,,,D004,1.0,3.0,127.0,,,,,,,,,,,
,,,,2025-01-22 12:21:38.106687,,Driver Behavior Data,,,,,,,D003,0.0,3.0,31.0,,,,,,,,,,,
,,,,2025-01-22 12:40:38.106687,,Driver Behavior Data,,,,,,,D001,2.0,0.0,75.0,,,,,,,,,,,
,,,,2025-01-22 11:56:38.106687,,Driver Behavior Data,,,,,,,D001,2.0,3.0,170.0,,,,,,,,,,,
V002,,,,2025-01-22 12:35:38.106687,,Fuel Consumption Data,,,,,,,,,,,4.25,9.0,,,,,,,,,
V003,,,,2025-01-22 12:44:38.106687,,Fuel Consumption Data,,,,,,,,,,,9.34,12.41,,,,,,,,,
V001,,,,2025-01-22 12:30:38.106687,,Fuel Consumption Data,,,,,,,,,,,4.2,8.29,,,,,,,,,
V004,,,,2025-01-22 11:53:38.106687,,Fuel Consumption Data,,,,,,,,,,,7.78,8.34,,,,,,,,,
V005,,,,2025-01-22 12:36:38.106687,,Fuel Consumption Data,,,,,,,,,,,5.77,8.85,,,,,,,,,
V003,,,,2025-01-22 12:17:38.106687,,Fuel Consumption Data,,,,,,,,,,,9.92,9.58,,,,,,,,,
V005,,,,2025-01-22 12:23:38.106687,,Fuel Consumption Data,,,,,,,,,,,4.37,8.49,,,,,,,,,
V003,,,,2025-01-22 12:09:38.106687,,Fuel Consumption Data,,,,,,,,,,,8.5,12.86,,,,,,,,,
V002,,,,2025-01-22 12:21:38.106687,,Fuel Consumption Data,,,,,,,,,,,8.61,9.37,,,,,,,,,
V005,,,,2025-01-22 12:39:38.106687,,Fuel Consumption Data,,,,,,,,,,,3.83,14.76,,,,,,,,,
V003,,,,2025-01-22 12:32:38.106687,,Fuel Consumption Data,,,,,,,,,,,5.55,14.85,,,,,,,,,
V004,,,,2025-01-22 12:08:38.106687,,Fuel Consumption Data,,,,,,,,,,,6.22,14.85,,,,,,,,,
V002,,,,2025-01-22 12:12:38.106687,,Fuel Consumption Data,,,,,,,,,,,4.18,9.25,,,,,,,,,
V001,,,,2025-01-22 12:38:38.106687,,Fuel Consumption Data,,,,,,,,,,,4.17,13.64,,,,,,,,,
V002,,,,2025-01-22 12:07:38.106687,,Fuel Consumption Data,,,,,,,,,,,8.57,14.51,,,,,,,,,
V004,,,,2025-01-22 12:12:38.106687,,Fuel Consumption Data,,,,,,,,,,,8.76,9.78,,,,,,,,,
V005,,,,2025-01-22 12:04:38.106687,,Fuel Consumption Data,,,,,,,,,,,9.81,14.02,,,,,,,,,
V003,,,,2025-01-22 12:19:38.106687,,Fuel Consumption Data,,,,,,,,,,,5.99,9.8,,,,,,,,,
V001,,,,2025-01-22 12:47:38.106687,,Fuel Consumption Data,,,,,,,,,,,4.5,11.27,,,,,,,,,
V004,,,,2025-01-22 12:16:38.106687,,Fuel Consumption Data,,,,,,,,,,,6.79,12.81,,,,,,,,,
V004,,,,2025-01-22 11:50:38.106687,,Fuel Consumption Data,,,,,,,,,,,8.0,12.35,,,,,,,,,
V003,,,,2025-01-22 12:50:38.106687,,Fuel Consumption Data,,,,,,,,,,,8.53,12.87,,,,,,,,,
V005,,,,2025-01-22 12:37:38.106687,,Fuel Consumption Data,,,,,,,,,,,9.92,11.62,,,,,,,,,
V001,,,,2025-01-22 12:29:38.106687,,Fuel Consumption Data,,,,,,,,,,,7.0,11.81,,,,,,,,,
V002,,,,2025-01-22 12:14:38.106687,,Fuel Consumption Data,,,,,,,,,,,7.24,10.9,,,,,,,,,
V003,,,,2025-01-22 12:13:38.106687,,Fuel Consumption Data,,,,,,,,,,,3.22,13.53,,,,,,,,,
V002,,,,2025-01-22 12:13:38.106687,,Fuel Consumption Data,,,,,,,,,,,4.75,10.94,,,,,,,,,
V005,,,,2025-01-22 12:22:38.106687,,Fuel Consumption Data,,,,,,,,,,,9.69,13.57,,,,,,,,,
V005,,,,2025-01-22 12:41:38.106687,,Fuel Consumption Data,,,,,,,,,,,3.48,13.9,,,,,,,,,
V004,,,,2025-01-22 12:28:38.106687,,Fuel Consumption Data,,,,,,,,,,,3.35,14.61,,,,,,,,,
V004,,,,2025-01-22 12:46:38.106687,,Fuel Consumption Data,,,,,,,,,,,9.06,14.78,,,,,,,,,
V004,,,,2025-01-22 12:03:38.106687,,Fuel Consumption Data,,,,,,,,,,,9.87,9.79,,,,,,,,,
V005,,,,2025-01-22 12:34:38.106687,,Fuel Consumption Data,,,,,,,,,,,8.4,10.8,,,,,,,,,
V005,,,,2025-01-22 12:34:38.106687,,Fuel Consumption Data,,,,,,,,,,,6.82,13.36,,,,,,,,,
V002,,,,2025-01-22 12:12:38.106687,,Fuel Consumption Data,,,,,,,,,,,4.01,14.22,,,,,,,,,
V004,,,,2025-01-22 11:57:38.106687,,Fuel Consumption Data,,,,,,,,,,,5.07,8.28,,,,,,,,,
V002,,,,2025-01-22 12:11:38.106687,,Fuel Consumption Data,,,,,,,,,,,4.33,10.56,,,,,,,,,
V001,,,,2025-01-22 12:46:38.106687,,Fuel Consumption Data,,,,,,,,,,,9.02,12.22,,,,,,,,,
V004,,,,2025-01-22 11:51:38.106687,,Fuel Consumption Data,,,,,,,,,,,8.26,8.74,,,,,,,,,
V004,,,,2025-01-22 12:37:38.106687,,Fuel Consumption Data,,,,,,,,,,,8.07,11.67,,,,,,,,,
V002,,,,2025-01-22 11:54:38.106687,,Fuel Consumption Data,,,,,,,,,,,7.14,8.06,,,,,,,,,
V005,,,,2025-01-22 12:42:38.106687,,Fuel Consumption Data,,,,,,,,,,,5.73,14.97,,,,,,,,,
V004,,,,2025-01-22 11:53:38.106687,,Fuel Consumption Data,,,,,,,,,,,4.61,12.99,,,,,,,,,
V005,,,,2025-01-22 12:43:38.106687,,Fuel Consumption Data,,,,,,,,,,,8.58,13.44,,,,,,,,,
V001,,,,2025-01-22 12:50:38.106687,,Fuel Consumption Data,,,,,,,,,,,7.07,9.52,,,,,,,,,
V002,,,,2025-01-22 11:50:38.106687,,Fuel Consumption Data,,,,,,,,,,,9.02,14.46,,,,,,,,,
V001,,,,2025-01-22 12:17:38.106687,,Fuel Consumption Data,,,,,,,,,,,7.31,9.86,,,,,,,,,
V005,,,,2025-01-22 12:13:38.106687,,Fuel Consumption Data,,,,,,,,,,,8.4,9.42,,,,,,,,,
V002,,,,2025-01-22 12:06:38.106687,,Fuel Consumption Data,,,,,,,,,,,6.14,13.1,,,,,,,,,
V001,,,,2025-01-22 12:22:38.106687,,Fuel Consumption Data,,,,,,,,,,,4.15,11.66,,,,,,,,,
V004,,,,2025-01-22 12:16:38.106687,,Fuel Consumption Data,,,,,,,,,,,3.09,10.52,,,,,,,,,
V005,,,,2025-01-22 12:34:38.106687,,Fuel Consumption Data,,,,,,,,,,,5.27,9.19,,,,,,,,,
V003,,,,2025-01-22 11:59:38.106687,,Fuel Consumption Data,,,,,,,,,,,9.0,11.84,,,,,,,,,
V005,,,,2025-01-22 12:50:38.106687,,Fuel Consumption Data,,,,,,,,,,,5.32,12.64,,,,,,,,,
V001,,,,2025-01-22 12:22:38.106687,,Fuel Consumption Data,,,,,,,,,,,5.68,13.89,,,,,,,,,
V005,,,,2025-01-22 12:24:38.106687,,Fuel Consumption Data,,,,,,,,,,,3.22,14.53,,,,,,,,,
V003,,,,2025-01-22 12:49:38.106687,,Fuel Consumption Data,,,,,,,,,,,9.5,14.78,,,,,,,,,
V003,,,,2025-01-22 12:15:38.106687,,Fuel Consumption Data,,,,,,,,,,,7.07,11.59,,,,,,,,,
V002,,,,2025-01-22 12:29:38.106687,,Fuel Consumption Data,,,,,,,,,,,9.9,9.76,,,,,,,,,
V003,,,,2025-01-22 12:25:38.106687,,Fuel Consumption Data,,,,,,,,,,,6.99,10.58,,,,,,,,,
V004,,,,2025-01-22 11:53:38.106687,,Fuel Consumption Data,,,,,,,,,,,4.4,11.06,,,,,,,,,
V003,,,,2025-01-22 12:45:38.106687,,Fuel Consumption Data,,,,,,,,,,,4.3,10.74,,,,,,,,,
V002,,,,2025-01-22 11:55:38.106687,,Fuel Consumption Data,,,,,,,,,,,3.73,10.38,,,,,,,,,
V002,,,,2025-01-22 11:53:38.106687,,Fuel Consumption Data,,,,,,,,,,,7.62,14.53,,,,,,,,,
V003,,,,2025-01-22 12:35:38.106687,,Fuel Consumption Data,,,,,,,,,,,5.18,10.04,,,,,,,,,
V002,,,,2025-01-22 12:08:38.106687,,Fuel Consumption Data,,,,,,,,,,,8.02,9.16,,,,,,,,,
V003,,,,2025-01-22 12:17:38.106687,,Fuel Consumption Data,,,,,,,,,,,4.67,10.12,,,,,,,,,
V003,,,,2025-01-22 12:29:38.106687,,Fuel Consumption Data,,,,,,,,,,,9.39,13.43,,,,,,,,,
V004,,,,2025-01-22 12:49:38.106687,,Fuel Consumption Data,,,,,,,,,,,4.01,13.52,,,,,,,,,
V001,,,,2025-01-22 12:02:38.106687,,Fuel Consumption Data,,,,,,,,,,,3.13,11.98,,,,,,,,,
V002,,,,2025-01-22 12:47:38.107691,,Fuel Consumption Data,,,,,,,,,,,3.64,9.59,,,,,,,,,
V001,,,,2025-01-22 11:50:38.107691,,Fuel Consumption Data,,,,,,,,,,,6.49,11.84,,,,,,,,,
V002,,,,2025-01-22 12:48:38.107691,,Fuel Consumption Data,,,,,,,,,,,9.61,14.39,,,,,,,,,
V003,,,,2025-01-22 12:28:38.107691,,Fuel Consumption Data,,,,,,,,,,,5.14,14.05,,,,,,,,,
V005,,,,2025-01-22 12:47:38.107691,,Fuel Consumption Data,,,,,,,,,,,7.96,11.06,,,,,,,,,
V003,,,,2025-01-22 12:00:38.107691,,Fuel Consumption Data,,,,,,,,,,,7.15,13.56,,,,,,,,,
V001,,,,2025-01-22 12:16:38.107691,,Fuel Consumption Data,,,,,,,,,,,6.08,14.24,,,,,,,,,
V003,,,,2025-01-22 12:00:38.107691,,Fuel Consumption Data,,,,,,,,,,,5.86,9.44,,,,,,,,,
V002,,,,2025-01-22 12:23:38.107691,,Fuel Consumption Data,,,,,,,,,,,5.51,14.81,,,,,,,,,
V001,,,,2025-01-22 12:10:38.107691,,Fuel Consumption Data,,,,,,,,,,,7.23,11.4,,,,,,,,,
V001,,,,2025-01-22 12:09:38.107691,,Fuel Consumption Data,,,,,,,,,,,8.97,13.18,,,,,,,,,
V001,,,,2025-01-22 11:52:38.107691,,Fuel Consumption Data,,,,,,,,,,,3.62,8.59,,,,,,,,,
V004,,,,2025-01-22 12:03:38.107691,,Fuel Consumption Data,,,,,,,,,,,7.33,14.36,,,,,,,,,
V005,,,,2025-01-22 12:04:38.107691,,Fuel Consumption Data,,,,,,,,,,,9.62,14.39,,,,,,,,,
V001,,,,2025-01-22 12:21:38.107691,,Fuel Consumption Data,,,,,,,,,,,6.8,13.91,,,,,,,,,
V005,,,,2025-01-22 12:38:38.107691,,Fuel Consumption Data,,,,,,,,,,,3.56,13.38,,,,,,,,,
V001,,,,2025-01-22 12:31:38.107691,,Fuel Consumption Data,,,,,,,,,,,4.52,11.08,,,,,,,,,
V003,,,,2025-01-22 12:13:38.107691,,Fuel Consumption Data,,,,,,,,,,,4.88,8.37,,,,,,,,,
V001,,,,2025-01-22 12:16:38.107691,,Fuel Consumption Data,,,,,,,,,,,7.11,8.89,,,,,,,,,
V001,,,,2025-01-22 12:40:38.107691,,Fuel Consumption Data,,,,,,,,,,,4.17,10.06,,,,,,,,,
V004,,,,2025-01-22 12:11:38.107691,,Fuel Consumption Data,,,,,,,,,,,3.89,13.29,,,,,,,,,
V004,,,,2025-01-22 12:41:38.107691,,Fuel Consumption Data,,,,,,,,,,,7.41,10.44,,,,,,,,,
V004,,,,2025-01-22 12:46:38.107691,,Fuel Consumption Data,,,,,,,,,,,4.69,14.0,,,,,,,,,
V005,,,,2025-01-22 12:24:38.107691,,Fuel Consumption Data,,,,,,,,,,,5.04,12.74,,,,,,,,,
V005,,,,2025-01-22 12:33:38.107691,,Fuel Consumption Data,,,,,,,,,,,5.4,8.21,,,,,,,,,
V005,,,,2025-01-22 12:36:38.107691,,Fuel Consumption Data,,,,,,,,,,,8.68,12.56,,,,,,,,,
V003,,,,2025-01-22 12:13:38.107691,,Fuel Consumption Data,,,,,,,,,,,5.07,14.34,,,,,,,,,
V004,,,,2025-01-22 12:15:38.107691,,Fuel Consumption Data,,,,,,,,,,,6.8,9.52,,,,,,,,,
V004,,,,2025-01-22 12:24:38.107691,,Fuel Consumption Data,,,,,,,,,,,7.07,10.69,,,,,,,,,
V002,,,,2025-01-22 12:45:38.107691,,Fuel Consumption Data,,,,,,,,,,,3.14,11.46,,,,,,,,,
V001,,,,2025-01-22 12:14:38.107691,,Maintenance Alerts Data,,,,,,,,,,,,,Engine Check,High,,,,,,,
V001,,,,2025-01-22 12:49:38.107691,,Maintenance Alerts Data,,,,,,,,,,,,,Brake Pads Replacement,High,,,,,,,
V005,,,,2025-01-22 11:51:38.107691,,Maintenance Alerts Data,,,,,,,,,,,,,Brake Pads Replacement,Low,,,,,,,
V002,,,,2025-01-22 12:24:38.107691,,Maintenance Alerts Data,,,,,,,,,,,,,Brake Pads Replacement,High,,,,,,,
V005,,,,2025-01-22 12:34:38.107691,,Maintenance Alerts Data,,,,,,,,,,,,,Engine Check,High,,,,,,,
V004,,,,2025-01-22 12:07:38.107691,,Maintenance Alerts Data,,,,,,,,,,,,,Brake Pads Replacement,Medium,,,,,,,
V003,,,,2025-01-22 11:51:38.107691,,Maintenance Alerts Data,,,,,,,,,,,,,Tire Replacement,Low,,,,,,,
V002,,,,2025-01-22 12:08:38.107691,,Maintenance Alerts Data,,,,,,,,,,,,,Tire Replacement,Low,,,,,,,
V002,,,,2025-01-22 12:41:38.107691,,Maintenance Alerts Data,,,,,,,,,,,,,Engine Check,High,,,,,,,
V001,,,,2025-01-22 12:24:38.107691,,Maintenance Alerts Data,,,,,,,,,,,,,Engine Check,High,,,,,,,
V001,,,,2025-01-22 12:48:38.107691,,Maintenance Alerts Data,,,,,,,,,,,,,Brake Pads Replacement,High,,,,,,,
V005,,,,2025-01-22 11:56:38.107691,,Maintenance Alerts Data,,,,,,,,,,,,,Brake Pads Replacement,Low,,,,,,,
V003,,,,2025-01-22 12:08:38.107691,,Maintenance Alerts Data,,,,,,,,,,,,,Engine Check,Medium,,,,,,,
V005,,,,2025-01-22 12:21:38.107691,,Maintenance Alerts Data,,,,,,,,,,,,,Engine Check,Medium,,,,,,,
V002,,,,2025-01-22 12:09:38.107691,,Maintenance Alerts Data,,,,,,,,,,,,,Engine Check,Low,,,,,,,
V004,,,,2025-01-22 12:41:38.107691,,Maintenance Alerts Data,,,,,,,,,,,,,Engine Check,Medium,,,,,,,
V004,,,,2025-01-22 12:02:38.107691,,Maintenance Alerts Data,,,,,,,,,,,,,Tire Replacement,High,,,,,,,
V002,,,,2025-01-22 12:31:38.107691,,Maintenance Alerts Data,,,,,,,,,,,,,Tire Replacement,Low,,,,,,,
V002,,,,2025-01-22 12:40:38.107691,,Maintenance Alerts Data,,,,,,,,,,,,,Tire Replacement,Low,,,,,,,
V003,,,,2025-01-22 12:12:38.107691,,Maintenance Alerts Data,,,,,,,,,,,,,Engine Check,Medium,,,,,,,
V005,,,,2025-01-22 12:28:38.107691,,Maintenance Alerts Data,,,,,,,,,,,,,Engine Check,Low,,,,,,,
V005,,,,2025-01-22 12:45:38.107691,,Maintenance Alerts Data,,,,,,,,,,,,,Engine Check,Medium,,,,,,,
V005,,,,2025-01-22 12:41:38.107691,,Maintenance Alerts Data,,,,,,,,,,,,,Tire Replacement,High,,,,,,,
V001,,,,2025-01-22 12:38:38.107691,,Maintenance Alerts Data,,,,,,,,,,,,,Engine Check,Medium,,,,,,,
V004,,,,2025-01-22 12:29:38.107691,,Maintenance Alerts Data,,,,,,,,,,,,,Tire Replacement,Low,,,,,,,
V001,,,,2025-01-22 12:10:38.107691,,Maintenance Alerts Data,,,,,,,,,,,,,Tire Replacement,Medium,,,,,,,
V002,,,,2025-01-22 12:31:38.107691,,Maintenance Alerts Data,,,,,,,,,,,,,Brake Pads Replacement,Low,,,,,,,
V002,,,,2025-01-22 11:59:38.107691,,Maintenance Alerts Data,,,,,,,,,,,,,Tire Replacement,High,,,,,,,
V004,,,,2025-01-22 12:36:38.107691,,Maintenance Alerts Data,,,,,,,,,,,,,Brake Pads Replacement,High,,,,,,,
V003,,,,2025-01-22 12:01:38.107691,,Maintenance Alerts Data,,,,,,,,,,,,,Engine Check,Medium,,,,,,,
V001,,,,2025-01-22 12:08:38.107691,,Maintenance Alerts Data,,,,,,,,,,,,,Engine Check,Medium,,,,,,,
V005,,,,2025-01-22 11:59:38.107691,,Maintenance Alerts Data,,,,,,,,,,,,,Brake Pads Replacement,High,,,,,,,
V003,,,,2025-01-22 11:52:38.107691,,Maintenance Alerts Data,,,,,,,,,,,,,Brake Pads Replacement,Low,,,,,,,
V001,,,,2025-01-22 11:56:38.107691,,Maintenance Alerts Data,,,,,,,,,,,,,Engine Check,Medium,,,,,,,
V004,,,,2025-01-22 12:44:38.107691,,Maintenance Alerts Data,,,,,,,,,,,,,Engine Check,Medium,,,,,,,
V001,,,,2025-01-22 12:04:38.107691,,Maintenance Alerts Data,,,,,,,,,,,,,Brake Pads Replacement,High,,,,,,,
V005,,,,2025-01-22 11:50:38.107691,,Maintenance Alerts Data,,,,,,,,,,,,,Tire Replacement,Medium,,,,,,,
V002,,,,2025-01-22 12:40:38.108688,,Maintenance Alerts Data,,,,,,,,,,,,,Tire Replacement,High,,,,,,,
V001,,,,2025-01-22 12:41:38.108688,,Maintenance Alerts Data,,,,,,,,,,,,,Engine Check,High,,,,,,,
V005,,,,2025-01-22 12:31:38.108688,,Maintenance Alerts Data,,,,,,,,,,,,,Engine Check,Low,,,,,,,
V001,,,,2025-01-22 12:18:38.108688,,Maintenance Alerts Data,,,,,,,,,,,,,Tire Replacement,Low,,,,,,,
V003,,,,2025-01-22 12:46:38.108688,,Maintenance Alerts Data,,,,,,,,,,,,,Tire Replacement,High,,,,,,,
V004,,,,2025-01-22 12:10:38.108688,,Maintenance Alerts Data,,,,,,,,,,,,,Engine Check,High,,,,,,,
V001,,,,2025-01-22 12:47:38.108688,,Maintenance Alerts Data,,,,,,,,,,,,,Brake Pads Replacement,Low,,,,,,,
V002,,,,2025-01-22 12:10:38.108688,,Maintenance Alerts Data,,,,,,,,,,,,,Tire Replacement,Low,,,,,,,
V001,,,,2025-01-22 12:26:38.108688,,Maintenance Alerts Data,,,,,,,,,,,,,Brake Pads Replacement,Medium,,,,,,,
V005,,,,2025-01-22 12:01:38.108688,,Maintenance Alerts Data,,,,,,,,,,,,,Engine Check,High,,,,,,,
V003,,,,2025-01-22 12:22:38.108688,,Maintenance Alerts Data,,,,,,,,,,,,,Brake Pads Replacement,High,,,,,,,
V002,,,,2025-01-22 12:17:38.108688,,Maintenance Alerts Data,,,,,,,,,,,,,Engine Check,Low,,,,,,,
V003,,,,2025-01-22 11:52:38.108688,,Maintenance Alerts Data,,,,,,,,,,,,,Tire Replacement,Low,,,,,,,
V001,,,,2025-01-22 12:46:38.108688,,Maintenance Alerts Data,,,,,,,,,,,,,Brake Pads Replacement,Low,,,,,,,
V003,,,,2025-01-22 12:26:38.108688,,Maintenance Alerts Data,,,,,,,,,,,,,Brake Pads Replacement,High,,,,,,,
V004,,,,2025-01-22 12:48:38.108688,,Maintenance Alerts Data,,,,,,,,,,,,,Engine Check,Medium,,,,,,,
V002,,,,2025-01-22 12:39:38.108688,,Maintenance Alerts Data,,,,,,,,,,,,,Tire Replacement,Medium,,,,,,,
V001,,,,2025-01-22 12:39:38.108688,,Maintenance Alerts Data,,,,,,,,,,,,,Tire Replacement,High,,,,,,,
V001,,,,2025-01-22 12:46:38.108688,,Maintenance Alerts Data,,,,,,,,,,,,,Engine Check,Low,,,,,,,
V002,,,,2025-01-22 11:54:38.108688,,Maintenance Alerts Data,,,,,,,,,,,,,Tire Replacement,Low,,,,,,,
V002,,,,2025-01-22 12:46:38.108688,,Maintenance Alerts Data,,,,,,,,,,,,,Tire Replacement,Low,,,,,,,
V004,,,,2025-01-22 12:28:38.108688,,Maintenance Alerts Data,,,,,,,,,,,,,Engine Check,Medium,,,,,,,
V005,,,,2025-01-22 12:29:38.108688,,Maintenance Alerts Data,,,,,,,,,,,,,Engine Check,Low,,,,,,,
V001,,,,2025-01-22 12:28:38.108688,,Maintenance Alerts Data,,,,,,,,,,,,,Engine Check,Low,,,,,,,
V004,,,,2025-01-22 12:19:38.108688,,Maintenance Alerts Data,,,,,,,,,,,,,Engine Check,High,,,,,,,
V005,,,,2025-01-22 12:12:38.108688,,Maintenance Alerts Data,,,,,,,,,,,,,Tire Replacement,High,,,,,,,
V004,,,,2025-01-22 12:09:38.108688,,Maintenance Alerts Data,,,,,,,,,,,,,Tire Replacement,Low,,,,,,,
V003,,,,2025-01-22 12:39:38.108688,,Maintenance Alerts Data,,,,,,,,,,,,,Engine Check,Medium,,,,,,,
V005,,,,2025-01-22 12:21:38.108688,,Maintenance Alerts Data,,,,,,,,,,,,,Brake Pads Replacement,High,,,,,,,
V004,,,,2025-01-22 12:45:38.108688,,Maintenance Alerts Data,,,,,,,,,,,,,Tire Replacement,High,,,,,,,
V002,,,,2025-01-22 12:30:38.108688,,Maintenance Alerts Data,,,,,,,,,,,,,Tire Replacement,High,,,,,,,
V003,,,,2025-01-22 12:36:38.108688,,Maintenance Alerts Data,,,,,,,,,,,,,Brake Pads Replacement,Low,,,,,,,
V002,,,,2025-01-22 12:43:38.108688,,Maintenance Alerts Data,,,,,,,,,,,,,Brake Pads Replacement,High,,,,,,,
V002,,,,2025-01-22 12:06:38.108688,,Maintenance Alerts Data,,,,,,,,,,,,,Engine Check,High,,,,,,,
V001,,,,2025-01-22 12:15:38.108688,,Maintenance Alerts Data,,,,,,,,,,,,,Engine Check,Low,,,,,,,
V004,,,,2025-01-22 12:50:38.108688,,Maintenance Alerts Data,,,,,,,,,,,,,Brake Pads Replacement,Medium,,,,,,,
V004,,,,2025-01-22 12:46:38.108688,,Maintenance Alerts Data,,,,,,,,,,,,,Engine Check,High,,,,,,,
V001,,,,2025-01-22 11:50:38.108688,,Maintenance Alerts Data,,,,,,,,,,,,,Tire Replacement,Medium,,,,,,,
V003,,,,2025-01-22 11:56:38.108688,,Maintenance Alerts Data,,,,,,,,,,,,,Tire Replacement,Medium,,,,,,,
V003,,,,2025-01-22 12:09:38.108688,,Maintenance Alerts Data,,,,,,,,,,,,,Tire Replacement,Low,,,,,,,
V004,,,,2025-01-22 11:56:38.108688,,Maintenance Alerts Data,,,,,,,,,,,,,Brake Pads Replacement,High,,,,,,,
V005,,,,2025-01-22 12:18:38.108688,,Maintenance Alerts Data,,,,,,,,,,,,,Engine Check,Medium,,,,,,,
V003,,,,2025-01-22 12:46:38.108688,,Maintenance Alerts Data,,,,,,,,,,,,,Brake Pads Replacement,Low,,,,,,,
V005,,,,2025-01-22 12:50:38.108688,,Maintenance Alerts Data,,,,,,,,,,,,,Tire Replacement,High,,,,,,,
V003,,,,2025-01-22 12:08:38.108688,,Maintenance Alerts Data,,,,,,,,,,,,,Brake Pads Replacement,Medium,,,,,,,
V004,,,,2025-01-22 12:00:38.108688,,Maintenance Alerts Data,,,,,,,,,,,,,Engine Check,High,,,,,,,
V002,,,,2025-01-22 12:03:38.108688,,Maintenance Alerts Data,,,,,,,,,,,,,Brake Pads Replacement,High,,,,,,,
V003,,,,2025-01-22 12:31:38.108688,,Maintenance Alerts Data,,,,,,,,,,,,,Engine Check,Low,,,,,,,
V003,,,,2025-01-22 12:19:38.108688,,Maintenance Alerts Data,,,,,,,,,,,,,Engine Check,Medium,,,,,,,
V005,,,,2025-01-22 12:15:38.108688,,Maintenance Alerts Data,,,,,,,,,,,,,Tire Replacement,Low,,,,,,,
V005,,,,2025-01-22 12:06:38.108688,,Maintenance Alerts Data,,,,,,,,,,,,,Tire Replacement,Low,,,,,,,
V003,,,,2025-01-22 12:14:38.108688,,Maintenance Alerts Data,,,,,,,,,,,,,Brake Pads Replacement,Medium,,,,,,,
V004,,,,2025-01-22 12:21:38.108688,,Maintenance Alerts Data,,,,,,,,,,,,,Engine Check,Medium,,,,,,,
V005,,,,2025-01-22 12:05:38.108688,,Maintenance Alerts Data,,,,,,,,,,,,,Tire Replacement,Low,,,,,,,
V004,,,,2025-01-22 11:57:38.108688,,Maintenance Alerts Data,,,,,,,,,,,,,Brake Pads Replacement,High,,,,,,,
V004,,,,2025-01-22 12:02:38.108688,,Maintenance Alerts Data,,,,,,,,,,,,,Engine Check,High,,,,,,,
V005,,,,2025-01-22 12:26:38.108688,,Maintenance Alerts Data,,,,,,,,,,,,,Tire Replacement,Medium,,,,,,,
V002,,,,2025-01-22 12:40:38.108688,,Maintenance Alerts Data,,,,,,,,,,,,,Tire Replacement,High,,,,,,,
V003,,,,2025-01-22 11:53:38.108688,,Maintenance Alerts Data,,,,,,,,,,,,,Brake Pads Replacement,Medium,,,,,,,
V004,,,,2025-01-22 12:30:38.108688,,Maintenance Alerts Data,,,,,,,,,,,,,Tire Replacement,Low,,,,,,,
V002,,,,2025-01-22 12:41:38.108688,,Maintenance Alerts Data,,,,,,,,,,,,,Engine Check,Low,,,,,,,
V005,,,,2025-01-22 12:08:38.108688,,Maintenance Alerts Data,,,,,,,,,,,,,Engine Check,High,,,,,,,
V005,,,,2025-01-22 12:36:38.108688,,Maintenance Alerts Data,,,,,,,,,,,,,Brake Pads Replacement,Low,,,,,,,
,,,,2025-01-22 12:04:38.108688,R005,Route Optimization Data,,,,,,,,,,,,,,,2025-01-22 14:38:38.108688,89.0,16.0,Severe,,,
,,,,2025-01-22 12:15:38.108688,R004,Route Optimization Data,,,,,,,,,,,,,,,2025-01-22 14:13:38.108688,86.0,25.0,Severe,,,
,,,,2025-01-22 12:50:38.108688,R001,Route Optimization Data,,,,,,,,,,,,,,,2025-01-22 14:16:38.108688,130.0,12.0,Moderate,,,
,,,,2025-01-22 12:41:38.108688,R001,Route Optimization Data,,,,,,,,,,,,,,,2025-01-22 13:57:38.108688,168.0,8.0,Severe,,,
,,,,2025-01-22 12:36:38.108688,R002,Route Optimization Data,,,,,,,,,,,,,,,2025-01-22 14:23:38.108688,92.0,7.0,Minor,,,
,,,,2025-01-22 12:49:38.108688,R002,Route Optimization Data,,,,,,,,,,,,,,,2025-01-22 14:33:38.108688,57.0,14.0,Severe,,,
,,,,2025-01-22 12:02:38.108688,R001,Route Optimization Data,,,,,,,,,,,,,,,2025-01-22 13:39:38.108688,130.0,8.0,Severe,,,
,,,,2025-01-22 12:40:38.108688,R002,Route Optimization Data,,,,,,,,,,,,,,,2025-01-22 13:30:38.108688,65.0,29.0,Moderate,,,
,,,,2025-01-22 12:29:38.108688,R001,Route Optimization Data,,,,,,,,,,,,,,,2025-01-22 14:03:38.108688,54.0,1.0,Severe,,,
,,,,2025-01-22 12:08:38.108688,R003,Route Optimization Data,,,,,,,,,,,,,,,2025-01-22 14:00:38.108688,57.0,20.0,Severe,,,
,,,,2025-01-22 11:57:38.108688,R001,Route Optimization Data,,,,,,,,,,,,,,,2025-01-22 13:21:38.108688,105.0,25.0,Severe,,,
,,,,2025-01-22 12:11:38.108688,R002,Route Optimization Data,,,,,,,,,,,,,,,2025-01-22 14:27:38.108688,167.0,14.0,Severe,,,
,,,,2025-01-22 12:16:38.108688,R002,Route Optimization Data,,,,,,,,,,,,,,,2025-01-22 14:39:38.108688,155.0,11.0,Minor,,,
,,,,2025-01-22 12:30:38.108688,R002,Route Optimization Data,,,,,,,,,,,,,,,2025-01-22 13:53:38.108688,132.0,2.0,Severe,,,
,,,,2025-01-22 12:48:38.108688,R003,Route Optimization Data,,,,,,,,,,,,,,,2025-01-22 14:24:38.108688,91.0,25.0,Moderate,,,
,,,,2025-01-22 12:02:38.108688,R001,Route Optimization Data,,,,,,,,,,,,,,,2025-01-22 14:18:38.108688,97.0,26.0,Severe,,,
,,,,2025-01-22 12:18:38.108688,R002,Route Optimization Data,,,,,,,,,,,,,,,2025-01-22 13:21:38.108688,71.0,11.0,Minor,,,
,,,,2025-01-22 12:33:38.108688,R004,Route Optimization Data,,,,,,,,,,,,,,,2025-01-22 13:53:38.108688,133.0,22.0,Severe,,,
,,,,2025-01-22 12:24:38.108688,R003,Route Optimization Data,,,,,,,,,,,,,,,2025-01-22 14:34:38.108688,183.0,25.0,Moderate,,,
,,,,2025-01-22 12:16:38.108688,R001,Route Optimization Data,,,,,,,,,,,,,,,2025-01-22 14:10:38.108688,117.0,19.0,Minor,,,
,,,,2025-01-22 12:35:38.108688,R002,Route Optimization Data,,,,,,,,,,,,,,,2025-01-22 13:45:38.108688,63.0,3.0,Minor,,,
,,,,2025-01-22 11:57:38.108688,R004,Route Optimization Data,,,,,,,,,,,,,,,2025-01-22 14:23:38.108688,154.0,8.0,Severe,,,
,,,,2025-01-22 12:20:38.108688,R001,Route Optimization Data,,,,,,,,,,,,,,,2025-01-22 14:05:38.108688,56.0,25.0,Severe,,,
,,,,2025-01-22 11:54:38.108688,R005,Route Optimization Data,,,,,,,,,,,,,,,2025-01-22 13:31:38.108688,92.0,20.0,Moderate,,,
,,,,2025-01-22 12:10:38.108688,R001,Route Optimization Data,,,,,,,,,,,,,,,2025-01-22 13:49:38.108688,111.0,18.0,Severe,,,
,,,,2025-01-22 12:34:38.108688,R004,Route Optimization Data,,,,,,,,,,,,,,,2025-01-22 14:10:38.108688,143.0,12.0,Moderate,,,
,,,,2025-01-22 12:32:38.108688,R003,Route Optimization Data,,,,,,,,,,,,,,,2025-01-22 13:38:38.108688,142.0,11.0,Severe,,,
,,,,2025-01-22 11:57:38.108688,R001,Route Optimization Data,,,,,,,,,,,,,,,2025-01-22 13:56:38.108688,92.0,1.0,Minor,,,
,,,,2025-01-22 12:26:38.108688,R001,Route Optimization Data,,,,,,,,,,,,,,,2025-01-22 14:03:38.108688,61.0,30.0,Severe,,,
,,,,2025-01-22 12:09:38.108688,R002,Route Optimization Data,,,,,,,,,,,,,,,2025-01-22 14:01:38.108688,129.0,16.0,Moderate,,,
,,,,2025-01-22 12:32:38.108688,R005,Route Optimization Data,,,,,,,,,,,,,,,2025-01-22 14:33:38.108688,197.0,23.0,Moderate,,,
,,,,2025-01-22 12:29:38.108688,R004,Route Optimization Data,,,,,,,,,,,,,,,2025-01-22 13:37:38.108688,90.0,21.0,Minor,,,
,,,,2025-01-22 12:40:38.108688,R002,Route Optimization Data,,,,,,,,,,,,,,,2025-01-22 13:52:38.108688,185.0,18.0,Minor,,,
,,,,2025-01-22 12:29:38.108688,R002,Route Optimization Data,,,,,,,,,,,,,,,2025-01-22 13:58:38.108688,173.0,15.0,Minor,,,
,,,,2025-01-22 11:58:38.108688,R001,Route Optimization Data,,,,,,,,,,,,,,,2025-01-22 14:28:38.108688,143.0,20.0,Severe,,,
,,,,2025-01-22 12:38:38.108688,R002,Route Optimization Data,,,,,,,,,,,,,,,2025-01-22 13:51:38.108688,125.0,4.0,Severe,,,
,,,,2025-01-22 12:04:38.108688,R003,Route Optimization Data,,,,,,,,,,,,,,,2025-01-22 13:54:38.108688,100.0,6.0,Severe,,,
,,,,2025-01-22 12:19:38.108688,R004,Route Optimization Data,,,,,,,,,,,,,,,2025-01-22 13:36:38.108688,177.0,28.0,Minor,,,
,,,,2025-01-22 12:39:38.108688,R004,Route Optimization Data,,,,,,,,,,,,,,,2025-01-22 13:25:38.108688,158.0,2.0,Severe,,,
,,,,2025-01-22 12:20:38.108688,R005,Route Optimization Data,,,,,,,,,,,,,,,2025-01-22 13:51:38.108688,84.0,22.0,Moderate,,,
,,,,2025-01-22 11:56:38.108688,R002,Route Optimization Data,,,,,,,,,,,,,,,2025-01-22 14:50:38.108688,121.0,18.0,Severe,,,
,,,,2025-01-22 11:53:38.109688,R004,Route Optimization Data,,,,,,,,,,,,,,,2025-01-22 13:20:38.108688,122.0,15.0,Minor,,,
,,,,2025-01-22 12:20:38.109688,R003,Route Optimization Data,,,,,,,,,,,,,,,2025-01-22 13:46:38.109688,176.0,12.0,Moderate,,,
,,,,2025-01-22 11:56:38.109688,R003,Route Optimization Data,,,,,,,,,,,,,,,2025-01-22 13:46:38.109688,145.0,17.0,Moderate,,,
,,,,2025-01-22 12:45:38.109688,R001,Route Optimization Data,,,,,,,,,,,,,,,2025-01-22 14:39:38.109688,81.0,13.0,Moderate,,,
,,,,2025-01-22 12:10:38.109688,R005,Route Optimization Data,,,,,,,,,,,,,,,2025-01-22 13:24:38.109688,198.0,4.0,Moderate,,,
,,,,2025-01-22 12:30:38.109688,R004,Route Optimization Data,,,,,,,,,,,,,,,2025-01-22 14:00:38.109688,74.0,5.0,Severe,,,
,,,,2025-01-22 12:50:38.109688,R003,Route Optimization Data,,,,,,,,,,,,,,,2025-01-22 14:38:38.109688,164.0,9.0,Minor,,,
,,,,2025-01-22 12:49:38.109688,R003,Route Optimization Data,,,,,,,,,,,,,,,2025-01-22 13:48:38.109688,149.0,14.0,Severe,,,
,,,,2025-01-22 12:27:38.109688,R001,Route Optimization Data,,,,,,,,,,,,,,,2025-01-22 14:42:38.109688,162.0,3.0,Moderate,,,
,,,,2025-01-22 12:35:38.109688,R002,Route Optimization Data,,,,,,,,,,,,,,,2025-01-22 14:13:38.109688,149.0,11.0,Minor,,,
,,,,2025-01-22 12:09:38.109688,R004,Route Optimization Data,,,,,,,,,,,,,,,2025-01-22 13:21:38.109688,146.0,2.0,Minor,,,
,,,,2025-01-22 12:48:38.109688,R005,Route Optimization Data,,,,,,,,,,,,,,,2025-01-22 13:36:38.109688,123.0,0.0,Moderate,,,
,,,,2025-01-22 11:52:38.109688,R001,Route Optimization Data,,,,,,,,,,,,,,,2025-01-22 14:03:38.109688,73.0,2.0,Moderate,,,
,,,,2025-01-22 12:10:38.109688,R001,Route Optimization Data,,,,,,,,,,,,,,,2025-01-22 13:35:38.109688,163.0,0.0,Moderate,,,
,,,,2025-01-22 12:33:38.109688,R005,Route Optimization Data,,,,,,,,,,,,,,,2025-01-22 13:36:38.109688,100.0,26.0,Minor,,,
,,,,2025-01-22 12:38:38.109688,R001,Route Optimization Data,,,,,,,,,,,,,,,2025-01-22 14:22:38.109688,50.0,14.0,Moderate,,,
,,,,2025-01-22 12:11:38.109688,R004,Route Optimization Data,,,,,,,,,,,,,,,2025-01-22 14:28:38.109688,176.0,13.0,Moderate,,,
,,,,2025-01-22 12:22:38.109688,R005,Route Optimization Data,,,,,,,,,,,,,,,2025-01-22 14:10:38.109688,199.0,14.0,Minor,,,
,,,,2025-01-22 12:12:38.109688,R005,Route Optimization Data,,,,,,,,,,,,,,,2025-01-22 14:37:38.109688,63.0,7.0,Minor,,,
,,,,2025-01-22 12:35:38.109688,R001,Route Optimization Data,,,,,,,,,,,,,,,2025-01-22 14:13:38.109688,68.0,22.0,Moderate,,,
,,,,2025-01-22 12:34:38.109688,R003,Route Optimization Data,,,,,,,,,,,,,,,2025-01-22 14:11:38.109688,160.0,5.0,Severe,,,
,,,,2025-01-22 12:14:38.109688,R005,Route Optimization Data,,,,,,,,,,,,,,,2025-01-22 13:52:38.109688,175.0,5.0,Severe,,,
,,,,2025-01-22 12:37:38.109688,R004,Route Optimization Data,,,,,,,,,,,,,,,2025-01-22 13:34:38.109688,148.0,21.0,Minor,,,
,,,,2025-01-22 12:18:38.109688,R002,Route Optimization Data,,,,,,,,,,,,,,,2025-01-22 14:09:38.109688,102.0,2.0,Moderate,,,
,,,,2025-01-22 12:14:38.109688,R005,Route Optimization Data,,,,,,,,,,,,,,,2025-01-22 14:16:38.109688,82.0,6.0,Severe,,,
,,,,2025-01-22 12:02:38.109688,R002,Route Optimization Data,,,,,,,,,,,,,,,2025-01-22 13:40:38.109688,170.0,25.0,Moderate,,,
,,,,2025-01-22 12:28:38.109688,R004,Route Optimization Data,,,,,,,,,,,,,,,2025-01-22 14:07:38.109688,145.0,26.0,Moderate,,,
,,,,2025-01-22 12:14:38.109688,R004,Route Optimization Data,,,,,,,,,,,,,,,2025-01-22 14:50:38.109688,59.0,0.0,Moderate,,,
,,,,2025-01-22 12:25:38.109688,R004,Route Optimization Data,,,,,,,,,,,,,,,2025-01-22 14:18:38.109688,91.0,19.0,Moderate,,,
,,,,2025-01-22 12:42:38.109688,R003,Route Optimization Data,,,,,,,,,,,,,,,2025-01-22 13:45:38.109688,84.0,4.0,Severe,,,
,,,,2025-01-22 12:45:38.109688,R002,Route Optimization Data,,,,,,,,,,,,,,,2025-01-22 14:10:38.109688,116.0,30.0,Minor,,,
,,,,2025-01-22 12:04:38.109688,R001,Route Optimization Data,,,,,,,,,,,,,,,2025-01-22 13:53:38.109688,91.0,29.0,Minor,,,
,,,,2025-01-22 12:46:38.109688,R004,Route Optimization Data,,,,,,,,,,,,,,,2025-01-22 14:32:38.109688,64.0,15.0,Minor,,,
,,,,2025-01-22 12:14:38.109688,R004,Route Optimization Data,,,,,,,,,,,,,,,2025-01-22 14:24:38.109688,85.0,14.0,Moderate,,,
,,,,2025-01-22 12:17:38.109688,R002,Route Optimization Data,,,,,,,,,,,,,,,2025-01-22 14:03:38.109688,121.0,2.0,Moderate,,,
,,,,2025-01-22 12:02:38.109688,R002,Route Optimization Data,,,,,,,,,,,,,,,2025-01-22 13:54:38.109688,116.0,28.0,Severe,,,
,,,,2025-01-22 12:21:38.109688,R002,Route Optimization Data,,,,,,,,,,,,,,,2025-01-22 13:40:38.109688,192.0,19.0,Moderate,,,
,,,,2025-01-22 12:07:38.109688,R003,Route Optimization Data,,,,,,,,,,,,,,,2025-01-22 13:32:38.109688,157.0,10.0,Moderate,,,
,,,,2025-01-22 11:59:38.109688,R002,Route Optimization Data,,,,,,,,,,,,,,,2025-01-22 14:44:38.109688,188.0,27.0,Minor,,,
,,,,2025-01-22 12:22:38.109688,R004,Route Optimization Data,,,,,,,,,,,,,,,2025-01-22 14:41:38.109688,87.0,14.0,Severe,,,
,,,,2025-01-22 12:00:38.109688,R001,Route Optimization Data,,,,,,,,,,,,,,,2025-01-22 13:55:38.109688,56.0,18.0,Severe,,,
,,,,2025-01-22 12:13:38.109688,R005,Route Optimization Data,,,,,,,,,,,,,,,2025-01-22 14:19:38.109688,72.0,9.0,Moderate,,,
,,,,2025-01-22 12:00:38.109688,R005,Route Optimization Data,,,,,,,,,,,,,,,2025-01-22 14:12:38.109688,177.0,3.0,Moderate,,,
,,,,2025-01-22 12:11:38.109688,R003,Route Optimization Data,,,,,,,,,,,,,,,2025-01-22 14:37:38.109688,110.0,15.0,Moderate,,,
,,,,2025-01-22 12:06:38.109688,R001,Route Optimization Data,,,,,,,,,,,,,,,2025-01-22 14:13:38.109688,109.0,28.0,Moderate,,,
,,,,2025-01-22 12:23:38.109688,R003,Route Optimization Data,,,,,,,,,,,,,,,2025-01-22 14:42:38.109688,110.0,20.0,Minor,,,
,,,,2025-01-22 12:29:38.109688,R003,Route Optimization Data,,,,,,,,,,,,,,,2025-01-22 14:02:38.109688,178.0,18.0,Minor,,,
,,,,2025-01-22 12:38:38.109688,R003,Route Optimization Data,,,,,,,,,,,,,,,2025-01-22 13:31:38.109688,178.0,16.0,Minor,,,
,,,,2025-01-22 12:07:38.109688,R005,Route Optimization Data,,,,,,,,,,,,,,,2025-01-22 14:07:38.109688,183.0,14.0,Moderate,,,
,,,,2025-01-22 12:27:38.109688,R004,Route Optimization Data,,,,,,,,,,,,,,,2025-01-22 14:43:38.109688,115.0,11.0,Minor,,,
,,,,2025-01-22 12:15:38.109688,R005,Route Optimization Data,,,,,,,,,,,,,,,2025-01-22 14:40:38.109688,55.0,20.0,Minor,,,
,,,,2025-01-22 12:03:38.109688,R002,Route Optimization Data,,,,,,,,,,,,,,,2025-01-22 14:42:38.109688,195.0,11.0,Severe,,,
,,,,2025-01-22 12:29:38.109688,R004,Route Optimization Data,,,,,,,,,,,,,,,2025-01-22 14:05:38.109688,153.0,23.0,Minor,,,
,,,,2025-01-22 12:38:38.109688,R005,Route Optimization Data,,,,,,,,,,,,,,,2025-01-22 13:50:38.109688,186.0,28.0,Severe,,,
,,,,2025-01-22 11:51:38.109688,R005,Route Optimization Data,,,,,,,,,,,,,,,2025-01-22 14:16:38.109688,179.0,9.0,Minor,,,
,,,,2025-01-22 12:48:38.109688,R004,Route Optimization Data,,,,,,,,,,,,,,,2025-01-22 13:33:38.109688,196.0,25.0,Severe,,,
,,,,2025-01-22 11:58:38.109688,R004,Route Optimization Data,,,,,,,,,,,,,,,2025-01-22 13:29:38.109688,75.0,25.0,Minor,,,
,,,,2025-01-22 12:26:38.109688,R005,Route Optimization Data,,,,,,,,,,,,,,,2025-01-22 13:30:38.109688,75.0,21.0,Moderate,,,
,,,,2025-01-22 11:59:38.109688,R004,Route Optimization Data,,,,,,,,,,,,,,,2025-01-22 14:30:38.109688,90.0,24.0,Minor,,,
,,,,2025-01-22 12:09:38.109688,,Customer Feedback Data,,,,,,,,,,,,,,,,,,,C003,5.0,Late delivery
,,,,2025-01-22 12:28:38.109688,,Customer Feedback Data,,,,,,,,,,,,,,,,,,,C001,4.0,Damaged goods
,,,,2025-01-22 12:09:38.109688,,Customer Feedback Data,,,,,,,,,,,,,,,,,,,C003,5.0,No issues
,,,,2025-01-22 12:16:38.109688,,Customer Feedback Data,,,,,,,,,,,,,,,,,,,C002,2.0,No issues
,,,,2025-01-22 12:36:38.109688,,Customer Feedback Data,,,,,,,,,,,,,,,,,,,C004,1.0,No issues
,,,,2025-01-22 11:51:38.109688,,Customer Feedback Data,,,,,,,,,,,,,,,,,,,C001,3.0,Damaged goods
,,,,2025-01-22 11:50:38.109688,,Customer Feedback Data,,,,,,,,,,,,,,,,,,,C005,4.0,No issues
,,,,2025-01-22 12:29:38.109688,,Customer Feedback Data,,,,,,,,,,,,,,,,,,,C002,3.0,No issues
,,,,2025-01-22 12:27:38.109688,,Customer Feedback Data,,,,,,,,,,,,,,,,,,,C001,3.0,Damaged goods
,,,,2025-01-22 12:20:38.109688,,Customer Feedback Data,,,,,,,,,,,,,,,,,,,C001,5.0,No issues
,,,,2025-01-22 11:58:38.109688,,Customer Feedback Data,,,,,,,,,,,,,,,,,,,C004,2.0,No issues
,,,,2025-01-22 12:35:38.109688,,Customer Feedback Data,,,,,,,,,,,,,,,,,,,C003,5.0,Late delivery
,,,,2025-01-22 12:28:38.109688,,Customer Feedback Data,,,,,,,,,,,,,,,,,,,C005,1.0,No issues
,,,,2025-01-22 12:43:38.109688,,Customer Feedback Data,,,,,,,,,,,,,,,,,,,C001,3.0,No issues
,,,,2025-01-22 11:56:38.109688,,Customer Feedback Data,,,,,,,,,,,,,,,,,,,C002,3.0,No issues
,,,,2025-01-22 12:18:38.109688,,Customer Feedback Data,,,,,,,,,,,,,,,,,,,C005,3.0,No issues
,,,,2025-01-22 12:04:38.109688,,Customer Feedback Data,,,,,,,,,,,,,,,,,,,C003,1.0,No issues
,,,,2025-01-22 11:59:38.109688,,Customer Feedback Data,,,,,,,,,,,,,,,,,,,C005,5.0,Damaged goods
,,,,2025-01-22 12:18:38.109688,,Customer Feedback Data,,,,,,,,,,,,,,,,,,,C002,3.0,Late delivery
,,,,2025-01-22 11:55:38.109688,,Customer Feedback Data,,,,,,,,,,,,,,,,,,,C004,4.0,No issues
,,,,2025-01-22 12:09:38.109688,,Customer Feedback Data,,,,,,,,,,,,,,,,,,,C001,4.0,Late delivery
,,,,2025-01-22 12:16:38.109688,,Customer Feedback Data,,,,,,,,,,,,,,,,,,,C003,3.0,Late delivery
,,,,2025-01-22 12:20:38.110687,,Customer Feedback Data,,,,,,,,,,,,,,,,,,,C003,3.0,No issues
,,,,2025-01-22 12:32:38.110687,,Customer Feedback Data,,,,,,,,,,,,,,,,,,,C002,1.0,No issues
,,,,2025-01-22 12:35:38.110687,,Customer Feedback Data,,,,,,,,,,,,,,,,,,,C005,1.0,Damaged goods
,,,,2025-01-22 11:51:38.110687,,Customer Feedback Data,,,,,,,,,,,,,,,,,,,C004,4.0,Late delivery
,,,,2025-01-22 12:27:38.110687,,Customer Feedback Data,,,,,,,,,,,,,,,,,,,C002,1.0,Damaged goods
,,,,2025-01-22 12:27:38.110687,,Customer Feedback Data,,,,,,,,,,,,,,,,,,,C002,1.0,No issues
,,,,2025-01-22 12:43:38.110687,,Customer Feedback Data,,,,,,,,,,,,,,,,,,,C005,3.0,Damaged goods
,,,,2025-01-22 12:36:38.110687,,Customer Feedback Data,,,,,,,,,,,,,,,,,,,C004,5.0,Damaged goods
,,,,2025-01-22 12:49:38.110687,,Customer Feedback Data,,,,,,,,,,,,,,,,,,,C001,3.0,No issues
,,,,2025-01-22 11:56:38.110687,,Customer Feedback Data,,,,,,,,,,,,,,,,,,,C002,1.0,No issues
,,,,2025-01-22 12:27:38.110687,,Customer Feedback Data,,,,,,,,,,,,,,,,,,,C005,1.0,Late delivery
,,,,2025-01-22 12:05:38.110687,,Customer Feedback Data,,,,,,,,,,,,,,,,,,,C002,5.0,Late delivery
,,,,2025-01-22 12:47:38.110687,,Customer Feedback Data,,,,,,,,,,,,,,,,,,,C003,2.0,No issues
,,,,2025-01-22 12:19:38.110687,,Customer Feedback Data,,,,,,,,,,,,,,,,,,,C004,2.0,No issues
,,,,2025-01-22 12:19:38.110687,,Customer Feedback Data,,,,,,,,,,,,,,,,,,,C004,1.0,Damaged goods
,,,,2025-01-22 12:31:38.110687,,Customer Feedback Data,,,,,,,,,,,,,,,,,,,C002,2.0,Damaged goods
,,,,2025-01-22 12:07:38.110687,,Customer Feedback Data,,,,,,,,,,,,,,,,,,,C004,3.0,No issues
,,,,2025-01-22 12:04:38.110687,,Customer Feedback Data,,,,,,,,,,,,,,,,,,,C005,4.0,No issues
,,,,2025-01-22 12:43:38.110687,,Customer Feedback Data,,,,,,,,,,,,,,,,,,,C004,1.0,Late delivery
,,,,2025-01-22 12:39:38.110687,,Customer Feedback Data,,,,,,,,,,,,,,,,,,,C001,2.0,Late delivery
,,,,2025-01-22 12:24:38.110687,,Customer Feedback Data,,,,,,,,,,,,,,,,,,,C004,5.0,Late delivery
,,,,2025-01-22 12:42:38.110687,,Customer Feedback Data,,,,,,,,,,,,,,,,,,,C001,5.0,Damaged goods
,,,,2025-01-22 12:38:38.110687,,Customer Feedback Data,,,,,,,,,,,,,,,,,,,C001,2.0,Late delivery
,,,,2025-01-22 12:30:38.110687,,Customer Feedback Data,,,,,,,,,,,,,,,,,,,C004,4.0,Damaged goods
,,,,2025-01-22 12:32:38.110687,,Customer Feedback Data,,,,,,,,,,,,,,,,,,,C003,4.0,No issues
,,,,2025-01-22 12:46:38.110687,,Customer Feedback Data,,,,,,,,,,,,,,,,,,,C005,5.0,No issues
,,,,2025-01-22 12:50:38.110687,,Customer Feedback Data,,,,,,,,,,,,,,,,,,,C004,5.0,Damaged goods
,,,,2025-01-22 12:24:38.110687,,Customer Feedback Data,,,,,,,,,,,,,,,,,,,C002,4.0,No issues
,,,,2025-01-22 12:46:38.110687,,Customer Feedback Data,,,,,,,,,,,,,,,,,,,C003,2.0,Damaged goods
,,,,2025-01-22 12:48:38.110687,,Customer Feedback Data,,,,,,,,,,,,,,,,,,,C001,5.0,Late delivery
,,,,2025-01-22 12:33:38.110687,,Customer Feedback Data,,,,,,,,,,,,,,,,,,,C004,1.0,No issues
,,,,2025-01-22 12:07:38.110687,,Customer Feedback Data,,,,,,,,,,,,,,,,,,,C002,2.0,Damaged goods
,,,,2025-01-22 12:26:38.110687,,Customer Feedback Data,,,,,,,,,,,,,,,,,,,C002,4.0,No issues
,,,,2025-01-22 12:42:38.110687,,Customer Feedback Data,,,,,,,,,,,,,,,,,,,C001,2.0,No issues
,,,,2025-01-22 12:38:38.110687,,Customer Feedback Data,,,,,,,,,,,,,,,,,,,C001,3.0,No issues
,,,,2025-01-22 12:23:38.110687,,Customer Feedback Data,,,,,,,,,,,,,,,,,,,C003,1.0,No issues
,,,,2025-01-22 12:06:38.110687,,Customer Feedback Data,,,,,,,,,,,,,,,,,,,C002,3.0,Damaged goods
,,,,2025-01-22 12:28:38.110687,,Customer Feedback Data,,,,,,,,,,,,,,,,,,,C004,2.0,No issues
,,,,2025-01-22 12:08:38.110687,,Customer Feedback Data,,,,,,,,,,,,,,,,,,,C003,4.0,No issues
,,,,2025-01-22 12:12:38.110687,,Customer Feedback Data,,,,,,,,,,,,,,,,,,,C001,5.0,Damaged goods
,,,,2025-01-22 11:58:38.110687,,Customer Feedback Data,,,,,,,,,,,,,,,,,,,C004,1.0,No issues
,,,,2025-01-22 12:22:38.110687,,Customer Feedback Data,,,,,,,,,,,,,,,,,,,C001,1.0,Damaged goods
,,,,2025-01-22 12:15:38.110687,,Customer Feedback Data,,,,,,,,,,,,,,,,,,,C002,3.0,No issues
,,,,2025-01-22 12:38:38.110687,,Customer Feedback Data,,,,,,,,,,,,,,,,,,,C001,3.0,No issues
,,,,2025-01-22 12:04:38.110687,,Customer Feedback Data,,,,,,,,,,,,,,,,,,,C002,2.0,No issues
,,,,2025-01-22 12:50:38.110687,,Customer Feedback Data,,,,,,,,,,,,,,,,,,,C002,4.0,No issues
,,,,2025-01-22 12:03:38.110687,,Customer Feedback Data,,,,,,,,,,,,,,,,,,,C003,3.0,No issues
,,,,2025-01-22 12:27:38.110687,,Customer Feedback Data,,,,,,,,,,,,,,,,,,,C003,5.0,No issues
,,,,2025-01-22 12:32:38.110687,,Customer Feedback Data,,,,,,,,,,,,,,,,,,,C001,4.0,Late delivery
,,,,2025-01-22 12:48:38.110687,,Customer Feedback Data,,,,,,,,,,,,,,,,,,,C005,4.0,No issues
,,,,2025-01-22 12:04:38.110687,,Customer Feedback Data,,,,,,,,,,,,,,,,,,,C003,2.0,No issues
,,,,2025-01-22 12:33:38.110687,,Customer Feedback Data,,,,,,,,,,,,,,,,,,,C003,3.0,Damaged goods
,,,,2025-01-22 12:32:38.110687,,Customer Feedback Data,,,,,,,,,,,,,,,,,,,C002,1.0,No issues
,,,,2025-01-22 12:27:38.110687,,Customer Feedback Data,,,,,,,,,,,,,,,,,,,C003,4.0,Late delivery
,,,,2025-01-22 12:13:38.110687,,Customer Feedback Data,,,,,,,,,,,,,,,,,,,C004,4.0,Damaged goods
,,,,2025-01-22 12:11:38.111690,,Customer Feedback Data,,,,,,,,,,,,,,,,,,,C004,2.0,No issues
,,,,2025-01-22 12:24:38.111690,,Customer Feedback Data,,,,,,,,,,,,,,,,,,,C005,1.0,Damaged goods
,,,,2025-01-22 12:24:38.111690,,Customer Feedback Data,,,,,,,,,,,,,,,,,,,C005,4.0,No issues
,,,,2025-01-22 12:02:38.111690,,Customer Feedback Data,,,,,,,,,,,,,,,,,,,C005,2.0,No issues
,,,,2025-01-22 12:29:38.111690,,Customer Feedback Data,,,,,,,,,,,,,,,,,,,C001,2.0,No issues
,,,,2025-01-22 12:46:38.111690,,Customer Feedback Data,,,,,,,,,,,,,,,,,,,C005,3.0,No issues
,,,,2025-01-22 12:10:38.111690,,Customer Feedback Data,,,,,,,,,,,,,,,,,,,C003,4.0,No issues
,,,,2025-01-22 11:54:38.111690,,Customer Feedback Data,,,,,,,,,,,,,,,,,,,C004,5.0,Late delivery
,,,,2025-01-22 12:43:38.111690,,Customer Feedback Data,,,,,,,,,,,,,,,,,,,C002,2.0,Damaged goods
,,,,2025-01-22 11:57:38.111690,,Customer Feedback Data,,,,,,,,,,,,,,,,,,,C001,1.0,Late delivery
,,,,2025-01-22 12:16:38.111690,,Customer Feedback Data,,,,,,,,,,,,,,,,,,,C001,1.0,Damaged goods
,,,,2025-01-22 12:44:38.111690,,Customer Feedback Data,,,,,,,,,,,,,,,,,,,C002,3.0,Damaged goods
,,,,2025-01-22 11:58:38.111690,,Customer Feedback Data,,,,,,,,,,,,,,,,,,,C002,5.0,Late delivery
,,,,2025-01-22 12:24:38.111690,,Customer Feedback Data,,,,,,,,,,,,,,,,,,,C005,4.0,No issues
,,,,2025-01-22 11:56:38.111690,,Customer Feedback Data,,,,,,,,,,,,,,,,,,,C001,4.0,Late delivery
,,,,2025-01-22 12:26:38.111690,,Customer Feedback Data,,,,,,,,,,,,,,,,,,,C002,2.0,Damaged goods
,,,,2025-01-22 12:06:38.111690,,Customer Feedback Data,,,,,,,,,,,,,,,,,,,C005,3.0,Late delivery
,,,,2025-01-22 12:42:38.111690,,Customer Feedback Data,,,,,,,,,,,,,,,,,,,C005,4.0,Late delivery
,,,,2025-01-22 12:48:38.111690,,Customer Feedback Data,,,,,,,,,,,,,,,,,,,C003,1.0,Damaged goods
,,,,2025-01-22 12:24:38.111690,,Customer Feedback Data,,,,,,,,,,,,,,,,,,,C005,3.0,No issues
,,,,2025-01-22 12:43:38.111690,,Customer Feedback Data,,,,,,,,,,,,,,,,,,,C001,4.0,No issues
,,,,2025-01-22 12:37:38.112691,,Customer Feedback Data,,,,,,,,,,,,,,,,,,,C004,5.0,Damaged goods
,,,,2025-01-22 11:58:38.112691,,Customer Feedback Data,,,,,,,,,,,,,,,,,,,C005,5.0,Damaged goods
